positie,titel,artiest,jaar,
1,Bohemian Rhapsody,Queen,1975,
2,Roller Coaster,Danny Vera,2019,
3,Hotel California,Eagles,1977,
4,Piano Man,Billy Joel,1973,
5,Fix You,Coldplay,2005,
6,Stairway To Heaven,Led Zeppelin,1971,
7,Black,Pearl Jam,1992,
8,Avond,Boudewijn de Groot,1997,
9,Nothing Else Matters (Albumversie),Metallica,1992,
10,Love Of My Life,Queen,1975,
11,Wish You Were Here,Pink Floyd,1975,
12,Brothers In Arms (Albumversie),Dire Straits,1985,
13,Radar Love (Albumversie),Golden Earring,1973,
14,Comfortably Numb (Albumversie),Pink Floyd,1979,
15,November Rain,Guns N' Roses,1992,
16,The Sound Of Silence,Disturbed,2016,
17,Child In Time (Albumversie),Deep Purple,1970,
18,Soldier On,DI-RECT,2020,
19,Purple Rain (Albumversie),Prince & The Revolution,1984,
20,Sultans Of Swing,Dire Straits,1978,
21,Africa (Albumversie),Toto,1982,
22,Viva La Vida,Coldplay,2008,
23,The River,Bruce Springsteen,1981,
24,Heroes (Albumversie),David Bowie,1976,
25,Shine On You Crazy Diamond (Pts. 1-5),Pink Floyd,1975,
26,One (Albumversie),Metallica,1994,
27,Telegraph Road (Albumversie),Dire Straits,1982,
28,Thunderstruck,AC/DC,1990,
29,Paradise By The Dashboard Light (Albumversie),Meat Loaf,1978,
30,A Forest,The Cure,1980,
31,Oceaan,Racoon,2012,
32,Master Of Puppets,Metallica,1986,
33,Imagine,John Lennon,1971,
34,Killing In The Name,Rage Against The Machine,1992,
35,Smells Like Teen Spirit,Nirvana,1991,
36,Just Breathe,Pearl Jam,2009,
37,The Sound Of Silence,Simon & Garfunkel,1966,
38,Dancing Queen,ABBA,1976,
39,Go Your Own Way,Fleetwood Mac,1977,
40,Sweet Child O' Mine (Albumversie),Guns N' Roses,1987,
41,Over De Muur,Klein Orkest,1984,
42,A Whiter Shade Of Pale,Procol Harum,1967,
43,Shallow,Lady Gaga & Bradley Cooper,2018,
44,In The End,Linkin Park,2000,
45,The Chain,Fleetwood Mac,1977,
46,Cold Little Heart (Albumversie),Michael Kiwanuka,2016,
47,Somebody To Love (Live),George Michael & Queen,1993,
48,Innuendo,Queen,1991,
49,Enter Sandman,Metallica,1991,
50,Creep,Radiohead,1992,
51,Door De Wind,Miss Montreal,2020,
52,In The Air Tonight (Albumversie),Phil Collins,1981,
53,Lose Yourself,Eminem,2002,
54,Hurt,Johnny Cash,2002,
55,Het Dorp,Wim Sonneveld,1974,
56,Yellow,Coldplay,2000,
57,School,Supertramp,1974,
58,Impossible (Orchestral Version Live at Abbey Road),Nothing But Thieves,2020,
59,Angels,Robbie Williams,1998,
60,God Only Knows,The Beach Boys,1966,
61,The Scientist (Albumversie),Coldplay,2002,
62,Under Pressure,Queen & David Bowie,1981,
63,With Or Without You,U2,1987,
64,Iron Sky (Albumversie),Paolo Nutini,2014,
65,Paint It Black,The Rolling Stones,1966,
66,Papa,Stef Bos,1991,
67,Another Love,Tom Odell,2012,
68,A Sky Full Of Stars,Coldplay & Avicii,2014,
69,Sunday Bloody Sunday,U2,1985,
70,Fool's Overture,Supertramp,1977,
71,Sweet Caroline,Neil Diamond,1969,
72,Lola Montez,Volbeat,2013,
73,Uprising,Muse,2009,
74,Alive,Pearl Jam,1992,
75,Back To Black,Amy Winehouse,2007,
76,Brabant,Guus Meeuwis,2003,
77,Het Regent Zonnestralen,Acda & De Munnik,1998,
78,Bridge Over Troubled Water,Simon & Garfunkel,1970,
79,Sympathy For The Devil,The Rolling Stones,1973,
80,Zombie,Cranberries,1994,
81,Mr. Blue Sky,Electric Light Orchestra,1978,
82,Multicolor,Son Mieux,2022,
83,Clocks (Albumversie),Coldplay,2003,
84,Highway To Hell,AC/DC,1979,
85,Old And Wise,The Alan Parsons Project,1982,
86,Let It Be,The Beatles,1970,
87,Somebody To Love,Queen,1976,
88,Don't Stop Me Now,Queen,1979,
89,Another Brick In The Wall,Pink Floyd,1979,
90,Sorry,Kensington,2016,
91,Here Comes The Sun,The Beatles,1969,
92,Suspicious Minds,Elvis Presley,1969,
93,Jolene,Dolly Parton,1974,
94,Noodgeval,Goldband,2021,
95,Who Wants To Live Forever,Queen,1986,
96,Pastorale,Liesbeth List & Ramses Shaffy,1969,
97,Private Investigations (Albumversie),Dire Straits,1982,
98,Nothing Compares 2 U,Sinéad O'Connor,1990,
99,Phantom Of The Opera,Floor Jansen & Henk Poort,2019,
100,One,U2,1992,
101,Under The Bridge,Red Hot Chili Peppers,1991,
102,Troy,Sinéad O'Connor,1987,
103,Riders On The Storm (Albumversie),The Doors,1971,
104,Enjoy The Silence,Depeche Mode,1990,
105,Don't Stop Believin',Journey,1981,
106,Gimme Shelter,The Rolling Stones,1969,
107,Chasing Cars,Snow Patrol,2006,
108,Belfast Child,Simple Minds,1989,
109,Deutschland,Rammstein,2019,
110,Wuthering Heights,Kate Bush,1978,
111,Dreams,Fleetwood Mac,1977,
112,Whole Lotta Rosie,AC/DC,1978,
113,Running Up That Hill (Albumversie),Kate Bush,1985,
114,Du Hast,Rammstein,1997,
115,Sign Of The Times,Harry Styles,2017,
116,Mr. Brightside,The Killers,2005,
117,Careless Whisper,George Michael,1984,
118,Have You Ever Seen The Rain,Creedence Clearwater Revival,1971,
119,Angie,The Rolling Stones,1973,
120,Bitter Sweet Symphony (Albumversie),The Verve,1997,
121,Fields Of Gold,Sting,1993,
122,When The Lady Smiles (Albumversie),Golden Earring,1984,
123,Knights Of Cydonia (Albumversie),Muse,2006,
124,Losing My Religion,R.E.M.,1991,
125,Sonne,Rammstein,2001,
126,Blackbird,The Beatles,1968,
127,Paranoid,Black Sabbath,1970,
128,Where The Streets Have No Name,U2,1987,
129,The Pretender,Foo Fighters,2007,
130,The Winner Takes It All,ABBA,1980,
131,Mag Ik Dan Bij Jou,Claudia de Breij,2011,
132,Zoutelande,BLØF ft. Geike,2017,
133,The Show Must Go On,Queen,1991,
134,Space Oddity (Albumversie),David Bowie,1969,
135,Tears In Heaven,Eric Clapton,1992,
136,Hey Jude,The Beatles,1968,
137,Money For Nothing (Albumversie),Dire Straits,1985,
138,Stil In Mij,Van Dik Hout,1994,
139,Don't Look Back In Anger,Oasis,1996,
140,Fragile,Sting,1988,
141,Nobody's Wife,Anouk,1997,
142,Proud Mary,Ike & Tina Turner,1971,
143,(Sittin' On) The Dock Of The Bay,Otis Redding,1968,
144,I Still Haven't Found What I'm Looking For,U2,1987,
145,Je Blik Richting Mij,Bankzitters,2022,
146,Somewhere Only We Know,Keane,2004,
147,Stapelgek,Bankzitters,2021,
148,Billie Jean,Michael Jackson,1983,
149,Sterrenstof,De Jeugd Van Tegenwoordig,2010,
150,Your Song,Elton John,1971,
151,Gotta Catch 'Em All (Pokemon Theme Song),Jason Paige,1997,
152,House Of The Rising Sun,Animals,1964,
153,Kleine Jongen,André Hazes,1990,
154,Californication,Red Hot Chili Peppers,1999,
155,Nights In White Satin,The Moody Blues,1968,
156,Voilà,Barbara Pravi,2021,
157,Goodnight Saigon,Billy Joel,1983,
158,Yesterday,The Beatles,1965,
159,Dream On,Aerosmith,1973,
160,Jeanny,Falco,1986,
161,Fear Of The Dark (Live),Iron Maiden,1993,
162,Iris,Goo Goo Dolls,1999,
163,Everlong,Foo Fighters,1997,
164,Come As You Are,Nirvana,1991,
165,Ice Queen (Albumversie),Within Temptation,2001,
166,Wonderwall,Oasis,1995,
167,Laat Me,Ramses Shaffy,1978,
168,Streets Of Philadelphia,Bruce Springsteen,1994,
169,Uncharted,Kensington,2019,
170,Chop Suey!,System Of A Down,2001,
171,Summer Of '69,Bryan Adams,1990,
172,Tennessee Whiskey,Chris Stapleton,2015,
173,Gimme Gimme Gimme,ABBA,1979,
174,Hallelujah,Leonard Cohen,1984,
175,In The Ghetto,Elvis Presley,1969,
176,Into My Arms,Nick Cave & The Bad Seeds,1996,
177,All Too Well (10 Minute Version),Taylor Swift,2021,
178,Fast Car,Tracy Chapman,1988,
179,Niemand In De Stad,De Dijk,1989,
180,Stiekem,Maan x Goldband,2022,
181,The Last Resort (Albumversie),Eagles,1976,
182,Bed Of Roses (Albumversie),Bon Jovi,1993,
183,Earth Song,Michael Jackson,1995,
184,Don't You (Forget About Me),Simple Minds,1985,
185,Someone Like You,Adele,2011,
186,Walk Of Life,Dire Straits,1985,
187,Fortunate Son,Creedence Clearwater Revival,1969,
188,Three Little Birds,Bob Marley & The Wailers,1977,
189,Insomnia (Albumversie),Faithless,1996,
190,Killer Queen,Queen,1974,
191,Music,John Miles,1976,
192,Paradise City (Albumversie),Guns N' Roses,1989,
193,September,"Earth, Wind & Fire",1979,
194,Don't Let The Sun Go Down On Me,George Michael & Elton John,1991,
195,Blinding Lights,The Weeknd,2019,
196,As It Was,Harry Styles,2022,
197,Dancing In The Dark,Bruce Springsteen,1985,
198,Kayleigh,Marillion,1985,
199,Lay All Your Love On Me,ABBA,1980,
200,Dansen Op De Vulkaan,De Dijk,1987,
201,Saturday Night,Herman Brood & His Wild Romance,1978,
202,"Zing, Vecht, Huil, Bid, Lach, Werk En Bewonder",Ramses Shaffy,1971,
203,Rolling In The Deep,Adele,2010,
204,One,Mary J. Blige & U2,2006,
205,Is Dat Nou Echt?,Bankzitters,2022,
206,Smoke On The Water (Albumversie),Deep Purple,1973,
207,Numb,Linkin Park,2003,
208,Englishman In New York,Sting,1988,
209,Street Spirit (Fade Out),Radiohead,1994,
210,She Sells Sanctuary,The Cult,1986,
211,Islands In The Stream,Kenny Rogers & Dolly Parton,1983,
212,Atemlos Durch Die Nacht,Helene Fischer,2013,
213,Tonight,Son Mieux,2023,
214,"Bloed, Zweet En Tranen",André Hazes,2002,
215,Anti-Hero,Taylor Swift,2022,
216,Songbird,Fleetwood Mac,1977,
217,The Unforgettable Fire,U2,1984,
218,The Unforgiven (Albumversie),Metallica,1991,
219,No One Knows,Queens Of The Stone Age,2002,
220,While My Guitar Gently Weeps,The Beatles,1968,
221,I Want To Break Free,Queen,1984,
222,Thriller (Albumversie),Michael Jackson,1983,
223,Perfect,Ed Sheeran,2017,
224,Perfect Day,Lou Reed,1972,
225,The Boxer,Simon & Garfunkel,1969,
226,Stan (Albumversie),Eminem & Dido,2000,
227,Echoes,Pink Floyd,1971,
228,Twilight Zone (Albumversie),Golden Earring,1982,
229,Always Remember Us This Way,Lady Gaga,2019,
230,Jeremy,Pearl Jam,1991,
231,Landslide,Fleetwood Mac,1975,
232,Desperado,Eagles,1973,
233,Sorry,Kyteman,2009,
234,Engel,Rammstein,1997,
235,Everybody Wants To Rule The World,Tears For Fears,1985,
236,Amsterdam,Nothing But Thieves,2017,
237,Free Bird (Albumversie),Lynyrd Skynyrd,1974,
238,Fade To Black,Metallica,1984,
239,Kronenburg Park,Frank Boeijen Groep,1985,
240,Everybody Hurts,R.E.M.,1993,
241,Wind Of Change,Scorpions,1991,
242,Everywhere,Fleetwood Mac,1987,
243,Engelbewaarder,Marco Schuitmaker,2023,
244,Oude Maasweg,The Amazing Stroopwafels,1982,
245,White Rabbit,Jefferson Airplane,1967,
246,Another 45 Miles (Naked),Golden Earring,1992,
247,Angel Of Death,Slayer,1986,
248,Papillon,Editors,2009,
249,L'enfer,Stromae,2022,
250,Chiquitita,ABBA,1979,
251,Love You More,Racoon,2005,
252,Fairytale Of New York,The Pogues & Kirsty MacColl,1987,
253,Do I Wanna Know?,Arctic Monkeys,2013,
254,Bad,U2,1984,
255,Formidable,Stromae,2013,
256,Rocket Man,Elton John,1972,
257,Last Christmas,Wham!,1984,
258,My Immortal,Evanescence,2003,
259,Whole Lotta Love (Albumversie),Led Zeppelin,1969,
260,Als Ze Er Niet Is,De Dijk,1994,
261,Iedereen Is Van De Wereld,The Scene,1991,
262,The Man With The Child In His Eyes,Kate Bush,1978,
263,Video Games,Lana Del Rey,2011,
264,Sara (Albumversie),Fleetwood Mac,1980,
265,I'm Still Standing,Elton John,1983,
266,Whiskey In The Jar,Metallica,1998,
267,Boulevard Of Broken Dreams,Green Day,2004,
268,November,Rowwen Hèze,2000,
269,Karma Police,Radiohead,1997,
270,Make It A Memory,Danny Vera & Krezip,2022,
271,I Would Stay,Krezip,2000,
272,Born To Run,Bruce Springsteen,1975,
273,I'm Gonna Be (500 Miles),Proclaimers,1988,
274,Forever Young,Alphaville,1984,
275,Deurdonderen (Live),Normaal,1982,
276,Barcelona,Freddie Mercury & Montserrat Caballé,1987,
277,Society,Eddie Vedder,2007,
278,Ace Of Spades,Motörhead,1980,
279,I'm On Fire,Bruce Springsteen,1985,
280,Grijs,Jaap Reesema,2022,
281,California Dreamin',The Mamas & The Papas,1966,
282,Lightning Crashes,Live,1995,
283,Leave The Light On,Beth Hart,2004,
284,Starman,David Bowie,1972,
285,Through The Looking Glass,DI-RECT,2022,
286,Sad Man's Tongue,Volbeat,2007,
287,Run To The Hills,Iron Maiden,1982,
288,The Rose,Bette Midler,1980,
289,Ghost Love Score (Live@Wacken 2013),Nightwish,2013,
290,Dust In The Wind,Kansas,1978,
291,Still Got The Blues (Albumversie),Gary Moore,1990,
292,Set Fire To The Rain,Adele,2011,
293,Voor Haar,Frans Halsema,1977,
294,Skyfall,Adele,2012,
295,God Is A DJ,Faithless,1998,
296,Don't Give Up,Peter Gabriel & Kate Bush,1986,
297,Beautiful Day,U2,2000,
298,Pride (In The Name Of Love),U2,1984,
299,Kashmir,Led Zeppelin,1975,
300,Zeg Me Dat Het Niet Zo Is,Frank Boeijen Groep,1990,
301,Knockin' On Heaven's Door,Guns N' Roses,1992,
302,Psycho,Muse,2015,
303,Livin' On A Prayer,Bon Jovi,1986,
304,Silent Lucidity,Queensrÿche,1991,
305,Bad Moon Rising,Creedence Clearwater Revival,1969,
306,Bat Out Of Hell (Albumversie),Meat Loaf,1977,
307,I Was Made For Lovin' You,KISS,1979,
308,Vincent,Don McLean,1972,
309,Ruthless Queen,Kayak,1979,
310,The Day Before You Came,ABBA,1982,
311,Op Fietse,Skik,1997,
312,Radio Ga Ga,Queen,1984,
313,Dat Heb Jij Gedaan,Meau,2021,
314,Mamma Mia,ABBA,1975,
315,Can't Help Falling In Love,Elvis Presley,1961,
316,Every Breath You Take,The Police,1983,
317,Take Me To Church,Hozier,2014,
318,Haus Am See,Peter Fox,2009,
319,I Put A Spell On You,Creedence Clearwater Revival,1972,
320,Harder Dan Ik Hebben Kan,BLØF,1999,
321,99 Luftballons,Nena,1983,
322,One Day Like This,Elbow,2008,
323,Testament,Boudewijn de Groot,1967,
324,Lithium,Nirvana,1991,
325,Born Slippy,Underworld,1996,
326,Tonight (Live),Tina Turner & David Bowie,1988,
327,Hallelujah (Albumversie),Jeff Buckley,1994,
328,Sinds 1 Dag Of 2 (32 Jaar),Doe Maar,1981,
329,Hold The Line,Toto,1979,
330,Time,Pink Floyd,1973,
331,Take On Me,A-Ha,1985,
332,My Boy,Elvis Presley,1975,
333,Roxanne,The Police,1979,
334,She's Always A Woman,Billy Joel,1978,
335,Always On My Mind,Elvis Presley,1972,
336,Ring Of Fire,Johnny Cash,1963,
337,Du,Peter Maffay,1971,
338,Eagle (Albumversie),ABBA,1978,
339,Blauw,The Scene,1991,
340,Against All Odds (Take A Look At Me Now),Phil Collins,1984,
341,Window Of My Eyes,Cuby & the Blizzards,1968,
342,Heart Of Gold,Neil Young,1972,
343,My Way,Frank Sinatra,1969,
344,Jesus To A Child,George Michael,1996,
345,Sorry,Nothing But Thieves,2017,
346,Wake Me Up,Avicii ft. Aloe Blacc,2013,
347,Ne Me Quitte Pas,Jacques Brel,1959,
348,Man In The Mirror,Michael Jackson,1988,
349,Welcome To The Jungle,Guns N' Roses,1987,
350,You Can't Always Get What You Want (Albumversie),The Rolling Stones,1969,
351,Romeo And Juliet (Albumversie),Dire Straits,1980,
352,De Peel In Brand,Rowwen Hèze,2005,
353,Onderweg,Abel,2000,
354,The Logical Song,Supertramp,1979,
355,We Will Rock You,Queen,1977,
356,The Man Who Sold The World (unplugged),Nirvana,1994,
357,Another Day In Paradise,Phil Collins,1989,
358,All Along The Watchtower,Jimi Hendrix,1968,
359,Thank You For The Music,ABBA,1978,
360,She,Charles Aznavour,1974,
361,Zeit,Rammstein,2022,
362,"Take Me Home, Country Roads",John Denver,1971,
363,Une Belle Histoire,Michel Fugain,1972,
364,La Bohème,Charles Aznavour,1966,
365,Solsbury Hill,Peter Gabriel,1977,
366,Mother Earth,Within Temptation,2002,
367,Paradise (Albumversie),Coldplay,2011,
368,Tougher Than The Rest,Bruce Springsteen,1987,
369,Rainbow In The Sky,DJ Paul Elstak,1995,
370,Holiday In Spain,BLØF & Counting Crows,2004,
371,Oerend Hard,Normaal,1977,
372,Black Hole Sun,Soundgarden,1994,
373,Treur Niet (Ode Aan Het Leven),Diggy Dex ft. JW Roy,2015,
374,Wicked Game (Albumversie),Chris Isaak,1991,
375,Graceland (Albumversie),Paul Simon,1986,
376,More Than A Feeling (Albumversie),Boston,1976,
377,Mama (Albumversie),Genesis,1983,
378,Zij Gelooft In Mij (2004),André Hazes,2004,
379,Waterloo,ABBA,1974,
380,De Vlieger,André Hazes,1977,
381,505,Arctic Monkeys,2007,
382,Beat It,Michael Jackson,1983,
383,The Load Out/Stay (Albumversie),Jackson Browne,1977,
384,Het Het Nog Nooit Zo Donker West,Ede Staal,1984,
385,Worn Down Piano,Mark & Clark Band,1977,
386,Empire State Of Mind,Jay-Z & Alicia Keys,2009,
387,Make You Feel My Love,Adele,2008,
388,Linger,Cranberries,1993,
389,Lopen Tot De Zon Komt,Acda & De Munnik,1997,
390,Little Lies,Fleetwood Mac,1987,
391,Me And Bobby McGee,Janis Joplin,1971,
392,The Best,Tina Turner,1989,
393,Poison,Alice Cooper,1989,
394,Hurricane (Albumversie),Bob Dylan,1975,
395,Back In Black,AC/DC,1980,
396,Basket Case,Green Day,1994,
397,Dochters,Marco Borsato,2008,
398,Sad But True,Metallica,1992,
399,Does Your Mother Know?,ABBA,1979,
400,Kryptonite,3 Doors Down,2000,
401,Gangsta's Paradise,Coolio,1995,
402,A Day In The Life,The Beatles,1967,
403,My Hometown,Bruce Springsteen,1986,
404,Baba O'Riley,The Who,1971,
405,Zo Stil,BLØF,2012,
406,Is Dit Nu Later,Stef Bos,1990,
407,River Deep Mountain High,Ike & Tina Turner,1966,
408,Stop Loving You,Toto,1988,
409,Mag Het Licht Uit,De Dijk,1987,
410,These Are The Days Of Our Lives,Queen,1991,
411,Eye In The Sky (Albumversie),The Alan Parsons Project,1982,
412,Het Is Al Laat Toch,Racoon,2020,
413,Little Lion Man,Mumford & Sons,2010,
414,If I Can Dream,Elvis Presley,1968,
415,Cardigan,Taylor Swift,2020,
416,Estranged,Guns N' Roses,1994,
417,Zeg Maar Niets Meer,André Hazes,1982,
418,Verdronken Vlinder,Boudewijn de Groot,1966,
419,Run,Snow Patrol,2004,
420,Arcade,Duncan Laurence,2019,
421,Vivo Per Lei,Andrea Bocelli & Giorgia,1996,
422,Someone You Loved,Lewis Capaldi,2019,
423,Even Flow,Pearl Jam,1991,
424,(I Can't Get No) Satisfaction,The Rolling Stones,1965,
425,Laat Me/Vivre,Alderliefste & Ramses Shaffy,2005,
426,The Great Gig In The Sky,Pink Floyd,1972,
427,The Whole Of The Moon (Albumversie),Waterboys,1986,
428,Private Dancer,Tina Turner,1984,
429,Als Het Avond Is,Suzan & Freek,2018,
430,Geef Mij Je Angst,André Hazes,1983,
431,Hello,Adele,2015,
432,The Loneliest,Måneskin,2022,
433,Money (Albumversie),Pink Floyd,1973,
434,I Want To Know What Love Is,Foreigner,1984,
435,Foto Van Vroeger,Rob de Nijs,1980,
436,One Of These Nights,Eagles,1975,
437,La Grange,ZZ Top,1973,
438,Seven Nation Army,White Stripes,2003,
439,Goud,Suzan & Freek,2021,
440,Omarm,BLØF,2003,
441,Eleanor Rigby,The Beatles,1966,
442,Ain't No Sunshine,Bill Withers,1971,
443,Annie's Song,John Denver,1976,
444,Born In The U.S.A.,Bruce Springsteen,1985,
445,Sweet Dreams (Are Made Of This),Eurythmics,1983,
446,Vienna,Ultravox,1981,
447,Het Werd Zomer,Rob de Nijs,1977,
448,Take It Easy,Eagles,1972,
449,Valerie,Mark Ronson ft. Amy Winehouse,2007,
450,Love Story (Taylors Version),Taylor Swift,2021,
451,De Overkant,Suzan & Freek & Snelle,2020,
452,Total Eclipse Of The Heart,Bonnie Tyler,1983,
453,Paranoid Android,Radiohead,1997,
454,Aan De Kust (Live),BLØF,1998,
455,Groot Hart,De Dijk,1985,
456,Belle Hélène,Doe Maar,1982,
457,I'd Do Anything For Love (But I Won't Do That),Meat Loaf,1993,
458,Liefs Uit Londen,BLØF,1998,
459,When Doves Cry,Prince & The Revolution,1984,
460,Bring Me To Life,Evanescence,2003,
461,Ik Wil Dansen,Froukje,2021,
462,Time In A Bottle,Jim Croce,1972,
463,Blue Monday (Albumversie),New Order,1983,
464,Alive And Kicking,Simple Minds,1985,
465,Voulez-Vous,ABBA,1979,
466,Smoorverliefd,Doe Maar,1981,
467,Wrong,Novastar,1999,
468,Time To Give,White Lies,2018,
469,Let It Happen (Albumversie),Tame Impala,2015,
470,Ren Lenny Ren,Acda & De Munnik,2002,
471,We Are The Champions,Queen,1977,
472,No Woman No Cry (Live),Bob Marley & The Wailers,1975,
473,Redemption Song,Bob Marley & The Wailers,1980,
474,Cloudbusting,Kate Bush,1985,
475,The End,The Doors,1967,
476,I Am... I Said,Neil Diamond,1971,
477,De Bom,Doe Maar,1982,
478,Dansen Aan Zee,BLØF,2000,
479,With A Little Help From My Friends,Joe Cocker,1968,
480,Penny Lane,The Beatles,1967,
481,Why Tell Me Why,Anita Meyer,1981,
482,Message In A Bottle,The Police,1979,
483,Radioactive,Imagine Dragons,2012,
484,Diamonds,The Boxer Rebellion,2013,
485,Another One Bites The Dust,Queen,1980,
486,Lost,Anouk,2005,
487,A Different Corner,George Michael,1986,
488,I Feel Love,Donna Summer,1977,
489,There Is a Light That Never Goes Out,The Smiths,1986,
490,When We Were Young,Adele,2015,
491,Alles Geprobeerd (Albumversie),Het Goede Doel,1986,
492,Fantasy,"Earth, Wind & Fire",1978,
493,Without Me,Eminem,2002,
494,In Your Arms,Chef'Special,2014,
495,Stayin' Alive,Bee Gees,1978,
496,Supermassive Black Hole,Muse,2006,
497,Sex On Fire,Kings Of Leon,2008,
498,American Pie (Albumversie),Don McLean,1972,
499,Nao 't Zuuje,Lex Uiting,2017,
500,Papaoutai,Stromae,2013,
501,Brown Eyed Girl,Van Morrison,1967,
502,Plug In Baby,Muse,2001,
503,Still Loving You,Scorpions,1987,
504,Bad Guy,Billie Eilish,2019,
505,Golden Brown,Stranglers,1982,
506,Kom Terug,Spinvis,2012,
507,The Trooper,Iron Maiden,1983,
508,Learn To Fly,Foo Fighters,1999,
509,Badlands,Bruce Springsteen,1978,
510,Going To The Run,Golden Earring,1991,
511,Demons,Imagine Dragons,2014,
512,Niet Of Nooit Geweest,Acda & De Munnik,1998,
513,Under The Pressure (Albumversie),The War On Drugs,2014,
514,Joan Of Arc (Maid Of Orleans),Orchestral Manoeuvres In The Dark,1982,
515,De Echte Vent,Racoon,2020,
516,The Real Slim Shady,Eminem,2000,
517,Rain Down On Me,Kane,2002,
518,Long Blond Animal,Golden Earring,1980,
519,Smooth Criminal,Michael Jackson,1988,
520,Ik Kan Het Niet Alleen,De Dijk,1989,
521,Layla (Unplugged),Eric Clapton,1992,
522,Cowboys And Angels (Albumversie),George Michael,1991,
523,How Deep Is Your Love,Bee Gees,1977,
524,Crazy Little Thing Called Love,Queen,1979,
525,Starlight,Muse,2006,
526,De Vondeling Van Ameland,Boudewijn de Groot,2004,
527,Don't Stop,Fleetwood Mac,1977,
528,Wasted Years,Iron Maiden,1986,
529,Narcotic,Liquido,1998,
530,Smokers Outside The Hospital Doors,Editors,2007,
531,The Power Of Love,Frankie Goes To Hollywood,1984,
532,Hald Mich 's Vas,Neet Oét Lottum,2004,
533,Breaking The Habit,Linkin Park,2004,
534,Toen Ik Je Zag,Hero,1997,
535,A Horse With No Name,America,1972,
536,Witch Doctor,De Staat,2014,
537,Let's Dance,David Bowie,1983,
538,High Hopes,Pink Floyd,1994,
539,Old Man,Neil Young,1972,
540,You'll Be In My Heart,Phil Collins,1999,
541,What's Going On,Marvin Gaye,1971,
542,Happy New Year,ABBA,1980,
543,I Walk The Line,Johnny Cash,1957,
544,Élan (Albumversie),Nightwish,2015,
545,Kiss From A Rose,Seal,1995,
546,Love Will Tear Us Apart,Joy Division,1980,
547,Who'll Stop The Rain?,Creedence Clearwater Revival,1970,
548,Feel (Albumversie),Robbie Williams,2002,
549,Welterusten Mijnheer De President,Boudewijn de Groot,1966,
550,What About Us,P!nk,2017,
551,Limburg (Live),Rowwen Hèze,1996,
552,Folsom Prison Blues (Live),Johnny Cash,1968,
553,Tusk,Fleetwood Mac,1979,
554,Psycho Killer,Talking Heads,1978,
555,Glory Days,Bruce Springsteen,1985,
556,Feel Good Inc.,Gorillaz,2005,
557,You Shook Me All Night Long,AC/DC,1980,
558,Fields Of Gold,Eva Cassidy,1996,
559,L.A. Woman,The Doors,1971,
560,"Non, Je Ne Regrette Rien",Édith Piaf,1961,
561,België,Het Goede Doel,1982,
562,All Of Me,John Legend,2013,
563,Goodbye Yellow Brick Road,Elton John,1973,
564,Believer,Imagine Dragons,2017,
565,Exit Music (For A Film),Radiohead,1997,
566,The Final Countdown,Europe,1986,
567,Champagne Supernova (Albumversie),Oasis,1996,
568,Levels,Avicii,2011,
569,Rhiannon (Will You Ever Win),Fleetwood Mac,1976,
570,Wake Me Up When September Ends,Green Day,2005,
571,Unfinished Sympathy,Massive Attack,1991,
572,Halt Mich,Herbert Grönemeyer,1988,
573,Strong,London Grammar,2014,
574,Respect,Aretha Franklin,1967,
575,Slippery People (Live),Talking Heads,1985,
576,Amigo,Chef'Special,2016,
577,Snow (Hey Oh),Red Hot Chili Peppers,2006,
578,Conquest Of Paradise,Vangelis,1995,
579,Where Did You Sleep Last Night (unplugged),Nirvana,1994,
580,Life On Mars,David Bowie,1973,
581,Lullaby,The Cure,1989,
582,Leaving On A Jet Plane,John Denver,1969,
583,Changes,2Pac,1998,
584,This Is The Life,Amy MacDonald,2008,
585,The Cave,Mumford & Sons,2010,
586,Streets,Kensington,2014,
587,New Year's Day,U2,1983,
588,Chan Chan,Buena Vista Social Club,1997,
589,Tribute,Tenacious D,2003,
590,Thinking Of A Place (Albumversie),The War On Drugs,2017,
591,Let Her Go,Passenger,2012,
592,Willow,Taylor Swift,2021,
593,Geef Mij Je Angst,Guus Meeuwis,2005,
594,Time To Say Goodbye,Andrea Bocelli & Sarah Brightman,1997,
595,Lea,The Cats,1968,
596,Scar Tissue,Red Hot Chili Peppers,1999,
597,Can I Play With Madness,Iron Maiden,1988,
598,Alone,Heart,1987,
599,Just A Little Bit Of Peace In My Heart,Golden Earrings,1968,
600,Overcome,Nothing But Thieves,2023,
601,Take A Chance On Me,ABBA,1977,
602,Easy On Me,Adele,2021,
603,Never Tear Us Apart,INXS,1988,
604,She,Elvis Costello,1999,
605,Hey Brother,Avicii,2013,
606,Shape Of My Heart,Sting,1993,
607,Ironic,Alanis Morissette,1996,
608,Thunder Road,Bruce Springsteen,1975,
609,'k Heb Je Lief,Paul de Leeuw,1997,
610,Russians,Sting,1985,
611,Numb/Encore,Linkin Park & Jay-Z,2004,
612,Strawberry Fields Forever,The Beatles,1967,
613,Samba Pa Ti,Santana,1970,
614,Wild Horses,The Rolling Stones,1971,
615,Circle Of Life,Elton John,1994,
616,Vienna,Billy Joel,1977,
617,I Will Always Love You,Whitney Houston,1992,
618,Rosanna (Albumversie),Toto,1982,
619,Mutter,Rammstein,2001,
620,Jump,Van Halen,1984,
621,Albatross,Fleetwood Mac,1969,
622,Memories,Maroon 5,2019,
623,Rockin' In The Free World,Neil Young,1989,
624,Patience,Guns N' Roses,1989,
625,Suzanne,Leonard Cohen,1968,
626,Driving Home For Christmas,Chris Rea,1986,
627,Trapped (Live),Bruce Springsteen,1985,
628,Waterfront,Simple Minds,1983,
629,Ze Huilt Maar Ze Lacht,Maan,2019,
630,Runnin' With The Devil,Van Halen,1978,
631,Sweet Goodbyes,Krezip,2009,
632,Little Black Submarines,The Black Keys,2011,
633,Banger Hart,Rob de Nijs,1996,
634,Dreamer,Supertramp,1974,
635,Always (Albumversie),Bon Jovi,1994,
636,The Less I Know The Better,Tame Impala,2015,
637,Wonderful Tonight,Eric Clapton,1977,
638,Shake It Off,Taylor Swift,2014,
639,I'm Not In Love (Albumversie),10cc,1975,
640,Leningrad,Billy Joel,1989,
641,Human,Rag'n'Bone Man,2016,
642,Hey You,Pink Floyd,1979,
643,I Bet You Look Good On The Dancefloor,Arctic Monkeys,2005,
644,Would,Alice In Chains,1992,
645,No Surprises,Radiohead,1997,
646,Ladada (Mon Dernier Mot),Claude,2022,
647,I Have A Dream,ABBA,1979,
648,Lola (Live),The Kinks,1980,
649,Als Ik Je Weer Zie,"Thomas Acda, Paul de Munnik, Maan & Typhoon",2021,
650,One Way Wind,The Cats,1971,
651,Nightswimming,R.E.M.,1992,
652,Freedom! '90,George Michael,1990,
653,Birds,Anouk,2013,
654,Halo Of Flies,Alice Cooper,1973,
655,Immigrant Song,Led Zeppelin,1971,
656,Red Red Wine,UB40,1983,
657,Let Me Entertain You,Robbie Williams,1998,
658,I Will Follow (Live),U2,1982,
659,Us And Them (Albumversie),Pink Floyd,1973,
660,Somebody That I Used To Know,Gotye ft. Kimbra,2011,
661,Smalltown Boy,Bronski Beat,1984,
662,Like The Way I Do,Melissa Etheridge,1989,
663,Happier Than Ever,Billie Eilish,2021,
664,You'll Never Walk Alone,Gerry & The Pacemakers,1963,
665,Faith,George Michael,1987,
666,What A Wonderful World,Louis Armstrong,1968,
667,Now And Then,The Beatles,2023,
668,De Verzoening,Frank Boeijen Groep,1987,
669,Hier Kom Ik Weg,Daniël Lohues,2008,
670,Father Figure,George Michael,1988,
671,Down Under,Men At Work,1982,
672,Teardrop,Massive Attack,1998,
673,Nikita,Elton John,1985,
674,Mrs. Robinson,Simon & Garfunkel,1968,
675,Sometimes It Snows In April,Prince & The Revolution,1986,
676,Twee Motten,Dorus,1957,
677,Hammer To Fall (Albumversie),Queen,1984,
678,Holding Back The Years,Simply Red,1985,
679,Once Upon A Time In The West,Ennio Morricone,1976,
680,I Say A Little Prayer,Aretha Franklin,1968,
681,Bliss,Muse,2001,
682,Sweet Home Alabama,Lynyrd Skynyrd,1974,
683,I See Fire,Ed Sheeran,2014,
684,One More Light,Linkin Park,2016,
685,Dirty Diana,Michael Jackson,1987,
686,The Boys Of Summer,Don Henley,1985,
687,Roll Over Lay Down (Live),Status Quo,1975,
688,Zij Maakt Het Verschil,De Poema's,2001,
689,Year Of The Cat (Albumversie),Al Stewart,1977,
690,Guaranteed,Eddie Vedder,2007,
691,Whatever You Want,Status Quo,1979,
692,Through The Barricades,Spandau Ballet,1986,
693,Baker Street (Albumversie),Gerry Rafferty,1978,
694,The Unforgiven II (Albumversie),Metallica,1997,
695,Something,The Beatles,1969,
696,No More Tears,Ozzy Osbourne,1990,
697,I Don't Want To Miss A Thing (Albumversie),Aerosmith,1997,
698,Woman In Chains (Albumversie),Tears For Fears & Oleta Adams,1989,
699,Don't Fear The Reaper,Blue Öyster Cult,1976,
700,My Hero (Live),Foo Fighters,2006,
701,Leave The Door Open,Silk Sonic (Bruno Mars & Anderson .Paak),2021,
702,Knowing Me Knowing You,ABBA,1977,
703,Alors On Danse,Stromae,2010,
704,Dat Komt Door Jou,Guus Meeuwis,2009,
705,Major Tom (Völlig Losgelöst),Peter Schilling,1983,
706,Dreadlock Holiday,10cc,1978,
707,De Kapitein Deel II,Acda & De Munnik,2000,
708,Papa Was A Rolling Stone (Albumversie),Temptations,1972,
709,Let There Be Rock,AC/DC,1977,
710,Tiny Dancer,Elton John,1971,
711,Pompeii,Bastille,2013,
712,Slow Dancing In A Burning Room,John Mayer,2006,
713,Thinking Out Loud,Ed Sheeran,2014,
714,Otherside,Red Hot Chili Peppers,1999,
715,Come Together,The Beatles,1969,
716,Zonder Jou,Paul de Leeuw & Simone Kleinsma,1995,
717,The Long And Winding Road,The Beatles,1970,
718,Als Het Vuur Gedoofd Is,Acda & De Munnik,1997,
719,Hey Joe,Jimi Hendrix,1967,
720,Such A Shame,Talk Talk,1984,
721,Is She Really Going Out With Him? (Live),Joe Jackson,1988,
722,Golden,Harry Styles,2020,
723,Halo,Beyoncé,2009,
724,Friday I'm In Love,The Cure,1992,
725,Duurt Te Lang,Davina Michelle,2018,
726,Don't Dream It's Over,Crowded House,1987,
727,The Weight,The Band,1968,
728,Our House,"Crosby, Stills, Nash & Young",1970,
729,It's My Life,Bon Jovi,2000,
730,Der Weg,Herbert Grönemeyer,2002,
731,Fernando,ABBA,1975,
732,Rehab,Amy Winehouse,2006,
733,Super Trouper,ABBA,1980,
734,Candle In The Wind 1997,Elton John,1997,
735,Have I Told You Lately,Van Morrison,1989,
736,Light My Fire (Albumversie),The Doors,1967,
737,Michel,Anouk,2000,
738,Story Of My Life,One Direction,2013,
739,One Step Beyond,Madness,1979,
740,Firth Of Fifth,Genesis,1973,
741,Freak On A Leash,Korn,1998,
742,Onderuit,De Dijk,1987,
743,Just Give Me A Reason,P!nk ft. Nate Ruess,2012,
744,Everglow (Albumversie),Coldplay,2015,
745,Jimmy,Boudewijn de Groot,1973,
746,Smack My Bitch Up,The Prodigy,1997,
747,Good Vibrations,The Beach Boys,1966,
748,Try,P!nk,2012,
749,Auto Vliegtuug,Rowwen Hèze,1999,
750,Het Is Een Nacht... (Levensecht),Guus Meeuwis & Vagant,1995,
751,Bloedend Hart,De Dijk,1982,
752,Zwart Wit,Frank Boeijen Groep,1984,
753,Boys Don't Cry,The Cure,1986,
754,Sweet Sounds Of Heaven (Albumversie),Rolling Stones ft. Lady Gaga & Stevie Wonder,2023,
755,Dog Days Are Over,Florence + The Machine,2009,
756,Shape Of You,Ed Sheeran,2017,
757,Blank Space,Taylor Swift,2015,
758,All I Want For Christmas Is You,Mariah Carey,1994,
759,Jailhouse Rock,Elvis Presley,1957,
760,A Boy Named Sue (Live),Johnny Cash,1969,
761,9 To 5,Dolly Parton,1981,
762,Weak,Skunk Anansie,1995,
763,Chandelier,Sia,2013,
764,Ordinary World,Duran Duran,1993,
765,Like A Hurricane (Albumversie),Neil Young,1977,
766,Good Riddance (Time Of Your Life),Green Day,1997,
767,Seventeen Going Under,Sam Fender,2021,
768,Castle On The Hill,Ed Sheeran,2017,
769,A Gentleman's Excuse Me,Fish,1990,
770,Binnen Zonder Kloppen,De Dijk,1985,
771,How Do I Say Goodbye,Dean Lewis,2022,
772,Dat Ik Je Mis,Maaike Ouboter,2013,
773,I Want It All,Queen,1989,
774,Burning Love,Elvis Presley,1972,
775,Gaia,Valensia,1993,
776,Smooth Operator,Sade,1984,
777,Watermelon Sugar,Harry Styles,2020,
778,Song 2,Blur,1997,
779,Zitti E Buoni,Måneskin,2021,
780,Sabotage,Beastie Boys,1994,
781,Tunnel Of Love (Albumversie),Dire Straits,1980,
782,Sovereign Light Cafe,Keane,2012,
783,Jungleland,Bruce Springsteen,1975,
784,I Will Wait,Mumford & Sons,2012,
785,Lavender,Marillion,1985,
786,American Idiot,Green Day,2004,
787,Titanium,David Guetta & Sia,2011,
788,1999,Prince,1982,
789,This Is What It Feels Like,Armin van Buuren ft. Trevor Guthrie,2013,
790,Save Your Tears,The Weeknd,2020,
791,Zelfs Je Naam Is Mooi,Henk Westbroek,1998,
792,New Kid In Town,Eagles,1977,
793,Take The Long Way Home,Supertramp,1979,
794,New Gold Dream (81-82-83-84),Simple Minds,1982,
795,Son Of A Preacher Man,Dusty Springfield,1968,
796,Hocus Pocus,Focus,1971,
797,They Don't Care About Us,Michael Jackson,1996,
798,One Of Us,ABBA,1981,
799,On Every Street,Dire Straits,1991,
800,Tubular Bells (Part 1 Albumversie),Mike Oldfield,1974,
801,She's A Rainbow,The Rolling Stones,1967,
802,Beautiful Noise,Neil Diamond,1976,
803,(Everything I Do) I Do It For You (Albumversie),Bryan Adams,1991,
804,Not An Addict,K's Choice,1996,
805,Bloemkôle,Oôs Joôs,2015,
806,Before You Go,Lewis Capaldi,2019,
807,Follow You Follow Me,Genesis,1978,
808,Unchained Melody,Righteous Brothers,1965,
809,Overcome,Live,2001,
810,Porcelain,Moby,1999,
811,Everything I Wanted,Billie Eilish,2019,
812,Bright Eyes,Art Garfunkel,1979,
813,Cupido,Bankzitters,2023,
814,Can't Stop,Red Hot Chili Peppers,2002,
815,Gold,Spandau Ballet,1983,
816,Where Is My Mind,Pixies,1988,
817,Morning Has Broken,Cat Stevens,1972,
818,Blauwe Dag,Suzan & Freek,2019,
819,Don't Cry,Guns N' Roses,1991,
820,In The Dutch Mountains,Nits,1987,
821,Liefde Van Later,Herman van Veen,1969,
822,Mijn Houten Hart,De Poema's,1999,
823,How You Remind Me,Nickelback,2001,
824,Christmas Lights,Coldplay,2010,
825,Self Esteem,Offspring,1995,
826,Easy Livin',Uriah Heep,1973,
827,Civil War,Guns N' Roses,1990,
828,Never Be Clever,Herman Brood & His Wild Romance,1979,
829,Welcome To The Black Parade,My Chemical Romance,2006,
830,China Girl,David Bowie,1983,
831,Kiwi,Harry Styles,2017,
832,A Kind Of Magic,Queen,1986,
833,Sign 'O' The Times (Albumversie),Prince,1987,
834,Superstition,Stevie Wonder,1973,
835,Walk,Foo Fighters,2011,
836,De Neus Umhoeg,Rowwen Hèze,1995,
837,Jersey Girl (Live),Bruce Springsteen,1986,
838,Land Of Confusion,Genesis,1986,
839,Clint Eastwood,Gorillaz,2001,
840,Something Just Like This,The Chainsmokers & Coldplay,2017,
841,Father And Son,Cat Stevens,1971,
842,Like A Prayer,Madonna,1989,
843,Layla (Albumversie),Derek & The Dominos,1971,
844,Heading Up High,Armin van Buuren ft. Kensington,2015,
845,What It Is,Mark Knopfler,2000,
846,Zandloper,Typhoon,2014,
847,Start Me Up,The Rolling Stones,1981,
848,Where The Wild Roses Grow,Nick Cave & Kylie Minogue,1995,
849,War,Kensington,2014,
850,Never Gonna Give You Up,Rick Astley,1987,
851,Sailing,Rod Stewart,1975,
852,Cold Heart (Pnau Remix),Elton John & Dua Lipa,2021,
853,Lyin' Eyes,Eagles,1975,
854,She's Not There (Albumversie),Santana,1977,
855,Gravity,John Mayer,2006,
856,Firestarter,The Prodigy,1996,
857,Malle Babbe,Rob de Nijs,1975,
858,When The Sun Goes Down,Arctic Monkeys,2006,
859,Million Years Ago,Adele,2016,
860,You Are So Beautiful,Joe Cocker,1974,
861,Heal The World (Albumversie),Michael Jackson,1992,
862,Uptown Funk,Mark Ronson ft. Bruno Mars,2014,
863,Take Me Out,Franz Ferdinand,2003,
864,What's Up,4 Non Blondes,1993,
865,White Room (Albumversie),Cream,1968,
866,I Gotta Feeling,The Black Eyed Peas,2009,
867,Norwegian Wood,The Beatles,1965,
868,Through The Echoes,Paolo Nutini,2022,
869,Nothing Rhymed,Gilbert O'Sullivan,1971,
870,Winter,Tori Amos,1992,
871,Moonlight Shadow,Mike Oldfield & Maggie Reilly,1983,
872,Love Like Blood,Killing Joke,1985,
873,Personal Jesus,Depeche Mode,1990,
874,The Man Who Can't Be Moved,The Script,2008,
875,Pain And Misery,The Teskey Brothers,2019,
876,Con Te Partiro,Andrea Bocelli,1996,
877,Lemon Tree,Fools Garden,1996,
878,Red Eyes,The War On Drugs,2013,
879,Musica È (Albumversie),Eros Ramazzotti,1989,
880,You Need To Calm Down,Taylor Swift,2019,
881,You,Ten Sharp,1991,
882,Heart-Shaped Box,Nirvana,1993,
883,Wonderfull Days,Charly Lownoise & Mental Theo,1995,
884,Thunder,Imagine Dragons,2017,
885,Is Dit Alles,Doe Maar,1982,
886,This Town,Niall Horan,2016,
887,Your Latest Trick,Dire Straits,1985,
888,Tinseltown In The Rain,The Blue Nile,1984,
889,Both Sides Now,Joni Mitchell,1968,
890,Go With The Flow,Queens Of The Stone Age,2003,
891,Need Your Love So Bad,Fleetwood Mac,1968,
892,Once In A Lifetime,Talking Heads,1981,
893,(You Make Me Feel Like A) Natural Woman,Aretha Franklin,1967,
894,Afraid Of The Dark,Chef'Special,2021,
895,Owner Of A Lonely Heart,Yes,1983,
896,In Nije Dei,De Kast,1997,
897,Black Betty (Albumversie),Ram Jam,1978,
898,Heaven,Bryan Adams,1985,
899,Dirty Old Town,The Pogues,1985,
900,Stand My Ground,Within Temptation,2004,
901,The Family Tree,Venice,1999,
902,Easy Lover,Phil Collins & Philip Bailey,1985,
903,Slapeloze Nachten,The Opposites,2013,
904,Wild Is The Wind,David Bowie,1976,
905,The Next Episode,Dr. Dre ft. Snoop Dogg,2000,
906,I Wanna Dance With Somebody (Who Loves Me),Whitney Houston,1987,
907,Think (Blues Brothers Version),Aretha Franklin,1980,
908,Human,The Killers,2008,
909,Here I Go Again,Whitesnake,1987,
910,Leef,André Hazes Jr.,2016,
911,Unintended,Muse,2009,
912,Disarm,Smashing Pumpkins,1993,
913,State Of Independence,Donna Summer,1982,
914,Late Night Talking,Harry Styles,2022,
915,Strange Machines (Albumversie),The Gathering,1996,
916,De Boer Dat Is De Keerl,Normaal,1982,
917,Tijd Verliezen,Racoon,2021,
918,"Anyplace, Anywhere, Anytime",Nena & Kim Wilde,2003,
919,Faster,Within Temptation,2011,
920,Eye Of The Tiger,Survivor,1982,
921,Circles,Post Malone,2019,
922,The Passenger,Iggy Pop,1976,
923,Prachtig Mooie Dag,Daniël Lohues,2011,
924,The Rising,Bruce Springsteen,2002,
925,Tainted Love,Soft Cell,1981,
926,Watskeburt?!,De Jeugd Van Tegenwoordig,2005,
927,Ben,Michael Jackson,1972,
928,Daughters,John Mayer,2005,
929,Go Like Elijah,Chi Coltrane,1973,
930,Venus,Shocking Blue,1969,
931,I Will Survive,Gloria Gaynor,1979,
932,Heaven Must Be Missing An Angel,Tavares,1976,
933,Happy,Pharrell Williams,2013,
934,Love The Way You Lie,Eminem & Rihanna,2010,
935,Sebastian (Albumversie),Cockney Rebel,1973,
936,Hallelujah,Lisa Lois,2009,
937,Just Can't Get Enough (Live),Depeche Mode,1985,
938,Blauwe Ruis,BLØF,2002,
939,Denis,Blondie,1978,
940,Only Time,Enya,2000,
941,Dark Necessities,Red Hot Chili Peppers,2016,
942,My Way,Herman Brood,2001,
943,I Alone,Live,1995,
944,Give A Little Bit,Supertramp,1977,
945,In The Blood,John Mayer,2017,
946,El Condor Pasa (If I Could),Simon & Garfunkel,1970,
947,Don't Give Up The Fight,Racoon,2011,
948,So Long,Fischer-Z,1980,
949,Why Does My Heart Feel So Bad,Moby,1999,
950,Cose Della Vita,Eros Ramazzotti & Tina Turner,1998,
951,Every Little Thing She Does Is Magic,The Police,1981,
952,Flowers,Miley Cyrus,2023,
953,Black Magic Woman,Santana,1970,
954,Breakfast In America,Supertramp,1979,
955,You Give Love A Bad Name,Bon Jovi,1986,
956,You Want It Darker,Leonard Cohen,2016,
957,Als Het Golft,De Dijk,2000,
958,Love Hurts,Nazareth,1976,
959,Niets Tussen,Froukje,2021,
960,Treat People With Kindness,Harry Styles,2021,
961,Blowin' In The Wind,Bob Dylan,1963,
962,Teach Your Children,"Crosby, Stills, Nash & Young",1970,
963,Dance Me To The End Of Love,Leonard Cohen,1984,
964,Iederene Hef Een Reden,Bökkers,2016,
965,"You're The First, The Last, My Everything",Barry White,1974,
966,You Took The Words Right Out Of My Mouth (Hot Summer Night) (Albumversie),Meat Loaf,1979,
967,Hard Sun,Eddie Vedder,2007,
968,You Can Call Me Al,Paul Simon,1986,
969,Could You Be Loved,Bob Marley & The Wailers,1980,
970,Be My Number Two,Joe Jackson,1984,
971,Perhaps Love,John Denver & Placido Domingo,1981,
972,Almost Cut My Hair,"Crosby, Stills, Nash & Young",1970,
973,The Turn Of A Friendly Card,The Alan Parsons Project,1980,
974,Sailing To Philadelphia (Albumversie),Mark Knopfler & James Taylor,2000,
975,S.O.S.,ABBA,1975,
976,I Just Can't Help Believin',Elvis Presley,1971,
977,You're So Vain,Carly Simon,1973,
978,Lonely Boy,The Black Keys,2011,
979,The A Team,Ed Sheeran,2011,
980,Sound And Vision,David Bowie,1977,
981,Dancing In The Street,David Bowie & Mick Jagger,1985,
982,Get Back,The Beatles,1969,
983,Geef Je Hart Niet Zomaar Weg,Racoon,2021,
984,Times Are Changing,DI-RECT,2009,
985,Shout,Tears For Fears,1985,
986,9 Crimes,Damien Rice,2006,
987,That's Life,Frank Sinatra,1966,
988,Plush,Stone Temple Pilots,1993,
989,Real Men,Joe Jackson,1982,
990,So Long Marianne,Leonard Cohen,1968,
991,Someone Somewhere In Summertime,Simple Minds,1982,
992,Road Trippin',Red Hot Chili Peppers,1999,
993,Margherita,Marco Borsato,1996,
994,Wake Me Up Before You Go-Go,Wham!,1984,
995,Jesus He Knows Me,Genesis,1992,
996,Les Lacs Du Connemara,Michel Sardou,1982,
997,Stiekem Gedanst,Toontje Lager,1983,
998,Rebel Rebel,David Bowie,1974,
999,Four Seasons In One Day,Crowded House,1992,
1000,More Than A Woman,Bee Gees,1977,
1001,The Lady In Red,Chris de Burgh,1986,
1002,Diamonds On The Soles Of Her Shoes (albumversie),Paul Simon,1986,
1003,Adventure Of A Lifetime,Coldplay,2015,
1004,Droomland,André Hazes & Paul de Leeuw,1993,
1005,Colors,Black Pumas,2019,
1006,Kan Ik Iets Voor Je Doen?,De Dijk,2011,
1007,Kingston Town,UB40,1990,
1008,It's All Coming Back To Me,Céline Dion,1996,
1009,Boogie Wonderland,"Earth, Wind & Fire & The Emotions",1979,
1010,Riddles,Kensington,2015,
1011,Vlinder,Rowwen Hèze,2003,
1012,Crime Of The Century,Supertramp,1974,
1013,Breakthru,Queen,1989,
1014,Wannabe,Spice Girls,1996,
1015,MacArthur Park,Donna Summer,1978,
1016,Radio,Rammstein,2019,
1017,Praying For Time,George Michael,1990,
1018,Magic,Coldplay,2014,
1019,Come On Eileen (Albumversie),Dexy's Midnight Runners,1982,
1020,Miss You (Albumversie),The Rolling Stones,1978,
1021,She Flies On Strange Wings (Albumversie),Golden Earring,1971,
1022,It's My Life,Talk Talk,1984,
1023,Marian,The Cats,1969,
1024,What's Love Got To Do With It,Tina Turner,1984,
1025,Nutbush City Limits,Ike & Tina Turner,1974,
1026,Nederwiet (Albumversie),Doe Maar,1983,
1027,I Want You,Elvis Costello,1986,
1028,The Fool On The Hill,The Beatles,1967,
1029,You're My Best Friend,Queen,1976,
1030,Stressed Out,Twenty One Pilots,2016,
1031,Drops Of Jupiter (Tell Me),Train,2001,
1032,Behind Blue Eyes,Limp Bizkit,2004,
1033,Killer/Papa Was A Rollin' Stone,George Michael,1993,
1034,I'll Take Care Of You (Albumversie),Beth Hart & Joe Bonamassa,2011,
1035,Orinoco Flow (Sail Away),Enya,1988,
1036,Hometown Glory (Albumversie),Adele,2009,
1037,Cowboy Like Me,Taylor Swift,2020,
1038,Mr. Bojangles,Robbie Williams,2001,
1039,All I Want Is You (Albumversie),U2,1988,
1040,At Last,Etta James,1960,
1041,Down Down,Status Quo,1975,
1042,Hou Vol Hou Vast,BLØF,2011,
1043,Our House,Madness,1982,
1044,Voodoo Child (Slight Return),Jimi Hendrix,1968,
1045,Photograph,Ed Sheeran,2015,
1046,Woman In Love,Barbra Streisand,1980,
1047,Listen To Your Heart (Albumversie),Roxette,1989,
1048,California Love,2Pac ft. Dr. Dre,1996,
1049,You're The Voice,John Farnham,1987,
1050,Fluorescent Adolescent,Arctic Monkeys,2007,
1051,Band On The Run,Paul McCartney & Wings,1974,
1052,No Mercy,Racoon,2011,
1053,Blijven Slapen,Snelle & Maan,2021,
1054,Hymn For The Weekend,Coldplay,2015,
1055,Brown Sugar,The Rolling Stones,1971,
1056,Adore You,Harry Styles,2019,
1057,I Want It That Way,Backstreet Boys,1999,
1058,Guilty,Barbra Streisand & Barry Gibb,1980,
1059,Close To Me,The Cure,1985,
1060,Tranen Gelachen,Guus Meeuwis,2007,
1061,1979,Smashing Pumpkins,1996,
1062,Munich,Editors,2005,
1063,Walk On The Wild Side,Lou Reed,1973,
1064,Lust For Life,Iggy Pop,1977,
1065,De Diepte,S10,2022,
1066,L'Amour Toujours,Gigi D'Agostino,2001,
1067,What I've Done,Linkin Park,2007,
1068,Tragedy,Bee Gees,1979,
1069,Fat Bottomed Girls (Albumversie),Queen,1978,
1070,Time Is Running Out,Muse,2003,
1071,I Still Cry,Ilse DeLange,2000,
1072,Absolute Beginners,David Bowie,1986,
1073,Do I Ever,Kensington,2016,
1074,Il Volo,Zucchero,1996,
1075,People Are Strange,The Doors,1967,
1076,Fly Me To The Moon,Frank Sinatra,1964,
1077,Rood,Marco Borsato,2006,
1078,Hurt,Christina Aguilera,2006,
1079,Mooie Dag,BLØF,2002,
1080,Man On The Moon,R.E.M.,1992,
1081,You Do Something To Me,Paul Weller,1995,
1082,Waiting On A Sunny Day,Bruce Springsteen,2003,
1083,Girl,Anouk,2004,
1084,Kristallnach,BAP,1983,
1085,Glory Box,Portishead,1994,
1086,Harvest Moon,Neil Young,1991,
1087,My Silver Lining,First Aid Kit,2014,
1088,Way Down We Go,Kaleo,2016,
1089,Storm And Thunder,Earth & Fire,1971,
1090,Ashes To Ashes,David Bowie,1980,
1091,Black Or White,Michael Jackson,1991,
1092,Chasing Pavements,Adele,2008,
1093,So Lonely,The Police,1979,
1094,Like A Rolling Stone,Bob Dylan,1965,
1095,Barracuda,Heart,1977,
1096,I Will Always Love You,Dolly Parton,1983,
1097,Give It Away,Red Hot Chili Peppers,1992,
1098,You Oughta Know,Alanis Morissette,1996,
1099,Nergens Goed Voor,De Dijk,1989,
1100,Two Out Of Three Ain't Bad (Albumversie),Meat Loaf,1977,
1101,Don't Speak,No Doubt,1996,
1102,Better Man,Pearl Jam,1994,
1103,Little Wing,Jimi Hendrix,1967,
1104,'n Beetje Verliefd,André Hazes,1981,
1105,Dani California,Red Hot Chili Peppers,2006,
1106,Children,Robert Miles,1996,
1107,Waiting On A Friend,The Rolling Stones,1981,
1108,Ich Bin Wie Du,Marianne Rosenberg,1976,
1109,Can't Hold Us,Macklemore & Ryan Lewis ft. Ray Dalton,2012,
1110,Homecoming,Kanye West & Chris Martin,2009,
1111,Raspberry Beret,Prince & The Revolution,1985,
1112,You've Got A Friend,Carole King,1971,
1113,Ode To My Family,Cranberries,1994,
1114,Bigmouth Strikes Again,The Smiths,1986,
1115,Gimme All Your Lovin',ZZ Top,1984,
1116,Words,Bee Gees,1968,
1117,"Ain't Got No, I Got Life (Original)",Nina Simone,1968,
1118,Fake Plastic Trees,Radiohead,1995,
1119,Sgt. Pepper's Lonely Hearts Club Band,The Beatles,1967,
1120,I Heard It Through The Grapevine,Creedence Clearwater Revival,1973,
1121,Spirit Of Radio (Albumversie),Rush,1980,
1122,Euphoria,Loreen,2012,
1123,Drivers License,Olivia Rodrigo,2021,
1124,Follow The Sun,Xavier Rudd,2015,
1125,Where Is The Love,The Black Eyed Peas,2003,
1126,Lippy Kids,Elbow,2011,
1127,It's A Beautiful Day,Queen,1995,
1128,Club Tropicana,Wham!,1983,
1129,True Colors,Cyndi Lauper,1986,
1130,Baby Can I Hold You,Tracy Chapman,1988,
1131,Sing For The Moment,Eminem,2003,
1132,Stand By Me,Ben E. King,1987,
1133,Midnight Train To Georgia,Gladys Knight & The Pips,1973,
1134,I Follow Rivers,Triggerfinger,2012,
1135,Why'd You Only Call Me When You're High?,Arctic Monkeys,2013,
1136,Automatisch,Flemming,2022,
1137,Liverpool Rain,Racoon,2012,
1138,One Of These Days,Pink Floyd,1971,
1139,You'll Never Walk Alone,Lee Towers,1976,
1140,It's A Long Way There (Albumversie),Little River Band,1975,
1141,Goodbye Stranger (Albumversie),Supertramp,1979,
1142,Trouble,Coldplay,2000,
1143,If You Leave Me Now,Chicago,1976,
1144,Higher Power,Coldplay,2021,
1145,Bedshaped,Keane,2004,
1146,Don't Go Breaking My Heart,Elton John & Kiki Dee,1976,
1147,Een Teken,Froukje,2021,
1148,Angel Eyes,ABBA,1979,
1149,Pa,Doe Maar,1983,
1150,Natural,Imagine Dragons,2018,
1151,Best Song Ever,One Direction,2013,
1152,Luv U More,DJ Paul Elstak,1995,
1153,Bird Of Paradise,Snowy White,1984,
1154,If You Tolerate This Your Children Will Be Next,Manic Street Preachers,1998,
1155,Suzanne,Herman van Veen,1969,
1156,De Zon Op,Diggy Dex,2018,
1157,Everybody's Changing,Keane,2004,
1158,I Knew You Were Waiting (For Me),George Michael & Aretha Franklin,1987,
1159,..In Paris,Kanye West & Jay-Z,2011,
1160,Why Worry (Albumversie),Dire Straits,1985,
1161,Hee Joh Jip,Racoon,2021,
1162,Sharp Dressed Man,ZZ Top,1985,
1163,Suzie Q (Part 1),Creedence Clearwater Revival,1968,
1164,In A Lifetime,Clannad & Bono,1986,
1165,Flink Zijn,Robert Long,1977,
1166,September Morn,Neil Diamond,1979,
1167,Love And Hate (Albumversie),Michael Kiwanuka,2016,
1168,Have A Little Faith In Me,John Hiatt,1989,
1169,House For Sale,Lucifer,1975,
1170,How You Gonna See Me Now,Alice Cooper,1979,
1171,Whatever It Takes,Imagine Dragons,2017,
1172,Pak Maar Mijn Hand,Nick & Simon,2007,
1173,Yesterday When I Was Young,Charles Aznavour,1970,
1174,Non Non Rien n'a Changé,Les Poppys,1971,
1175,'39,Queen,1975,
1176,Traffic,Tiësto,2003,
1177,Money Money Money,ABBA,1976,
1178,Send Me An Angel,Scorpions,1991,
1179,Going To A Town,Rufus Wainwright,2007,
1180,Hoe Het Danst,"Marco Borsato, Armin van Buuren, Davina Michelle",2019,
1181,Tequila Sunrise,Eagles,1973,
1182,Carry On Wayward Son (Albumversie),Kansas,1976,
1183,Daar Gaat Ze,Clouseau,1990,
1184,Music For A Sushi Restaurant,Harry Styles,2022,
1185,My Universe,Coldplay x BTS,2021,
1186,Avalon,Roxy Music,1982,
1187,Proud Mary,Creedence Clearwater Revival,1969,
1188,Beds Are Burning,Midnight Oil,1988,
1189,I Knew You Were Trouble,Taylor Swift,2012,
1190,Amerika,Rammstein,2004,
1191,Question,The Moody Blues,1970,
1192,Keep On Loving You,REO Speedwagon,1981,
1193,Uninvited,Alanis Morissette,1999,
1194,London Calling,The Clash,1979,
1195,I Would Die 4 U,Prince & The Revolution,1984,
1196,Eternal Flame,The Bangles,1989,
1197,Tears Dry On Their Own,Amy Winehouse,2007,
1198,Homeward Bound,Simon & Garfunkel,1966,
1199,Frozen,Madonna,1998,
1200,Scarborough Fair,Simon & Garfunkel,1966,
1201,Het Land Van Maas En Waal,Boudewijn de Groot,1967,
1202,Ik Wou Dat Ik Jou Was,Veldhuis & Kemper,2003,
1203,Born This Way,Lady Gaga,2011,
1204,Top Of The World,Carpenters,1973,
1205,Life's What You Make It,Talk Talk,1985,
1206,Help!,The Beatles,1965,
1207,Running To Stand Still,U2,1987,
1208,Massachusetts,Bee Gees,1967,
1209,Hedonism,Skunk Anansie,1997,
1210,Night Boat To Cairo,Madness,1980,
1211,Fool To Cry,The Rolling Stones,1976,
1212,Hilversum 3,Herman van Veen,1984,
1213,Calm After The Storm,The Common Linnets,2014,
1214,Texas Sun,Khruangbin & Leon Bridges,2019,
1215,Bad Habits,Ed Sheeran,2021,
1216,Mushanga,Toto,1988,
1217,"Comptine D'un Autre Éte, L'apres Midi (Amelie)",Yann Tiersen,2001,
1218,About A Girl (Unplugged),Nirvana,1993,
1219,Baggy Trousers,Madness,1980,
1220,Blaosmuziek,Gé Reinders,1999,
1221,Find The River,R.E.M.,1992,
1222,Miracle,Ilse DeLange,2009,
1223,In-A-Gadda-Da-Vida (Albumversie),Iron Butterfly,1970,
1224,I'll Be There For You,The Rembrandts,1997,
1225,Pain,The War On Drugs,2017,
1226,Times Like These,Foo Fighters,2003,
1227,Message To My Girl,Split Enz,1984,
1228,Una Mattina,Ludovico Einaudi,2004,
1229,Pinball Wizard,The Who,1969,
1230,Bestel Mar,Rowwen Hèze,1992,
1231,Long As I Can See The Light,Creedence Clearwater Revival,1970,
1232,21 Guns,Green Day,2009,
1233,One Word,Anouk,2005,
1234,Pressure Makes Diamonds (2020),Danny Vera,2020,
1235,Road To Nowhere,Talking Heads,1985,
1236,Undisclosed Desires,Muse,2009,
1237,All I Need,Air,1998,
1238,Motorcycle Emptiness,Manic Street Preachers,1992,
1239,Sky And Sand,Paul Kalkbrenner,2008,
1240,Pamela (Albumversie),Toto,1988,
1241,Hold Me,The Teskey Brothers,2019,
1242,Scarlet Ribbons,The Cats,1969,
1243,Hunger Strike,Temple Of The Dog,1991,
1244,Feeling Good,Nina Simone,1965,
1245,Everybody Needs Somebody To Love,Blues Brothers,1989,
1246,Can't Stop Loving You,Phil Collins,2002,
1247,As,George Michael & Mary J. Blige,1999,
1248,Breathe (In The Air),Pink Floyd,1973,
1249,Love Is A Battlefield,Pat Benatar,1984,
1250,Verdammt Ich Lieb' Dich,Matthias Reim,1990,
1251,Candy,Iggy Pop & Kate Pierson,1990,
1252,Cambodia,Kim Wilde,1981,
1253,We Don't Need Another Hero,Tina Turner,1985,
1254,Oh Well (Albumversie),Fleetwood Mac,1969,
1255,Alles Wat Ademt,Rob de Nijs,1985,
1256,Doin' Time,Lana Del Rey,2019,
1257,Back Home,Golden Earring,1970,
1258,Free Fallin' (Live),John Mayer,2008,
1259,Run To You,Bryan Adams,1984,
1260,Listen To The Music,Doobie Brothers,1972,
1261,Wat Zou Je Doen?,BLØF,1998,
1262,Get Lucky,Daft Punk ft. Pharrell Williams,2013,
1263,When I Was Your Man,Bruno Mars,2013,
1264,Move On Up,Curtis Mayfield,1970,
1265,Calypso,John Denver,1975,
1266,The Reflex,Duran Duran,1984,
1267,Michelle,The Beatles,1966,
1268,When Love Comes To Town,U2 & BB King,1989,
1269,Locomotive Breath,Jethro Tull,1972,
1270,Night Fever,Bee Gees,1978,
1271,Let Love Rule,Lenny Kravitz,1989,
1272,Bad Romance,Lady Gaga,2009,
1273,It Must Have Been Love,Roxette,1990,
1274,In My Life,The Beatles,1965,
1275,The Wind Cries Mary,Jimi Hendrix,1967,
1276,Everything Now,Arcade Fire,2017,
1277,Me Gustas Tu,Manu Chao,2001,
1278,You Know I'm No Good,Amy Winehouse,2007,
1279,The Unforgiven III,Metallica,2008,
1280,50 Ways To Leave Your Lover,Paul Simon,1976,
1281,Holiday,Green Day,2005,
1282,Wanted (Dead Or Alive),Bon Jovi,1987,
1283,Tous Les Mêmes,Stromae,2013,
1284,Madness,Muse,2012,
1285,The Gambler,Kenny Rogers,1978,
1286,We Are Never Ever Getting Back Together,Taylor Swift,2012,
1287,Last Train Home,John Mayer,2021,
1288,Pure Morning,Placebo,1998,
1289,Rosie,Claw Boys Claw,1992,
1290,Hold On To Let Go,Danny Vera,2020,
1291,Raise Your Glass,P!nk,2010,
1292,Disco Inferno,Trammps,1977,
1293,Lost Without You,Krezip,2019,
1294,Born To Be Wild,Steppenwolf,1968,
1295,Mr. Jones,Counting Crows,1994,
1296,Somebody Will Know Someday,Cuby & the Blizzards,1967,
1297,Turning Tables,Adele,2011,
1298,Somebody Told Me,The Killers,2004,
1299,Driver's Seat,Sniff 'n The Tears,1980,
1300,Lazarus,David Bowie,2016,
1301,All I Ask,Adele,2015,
1302,Supermarket Flowers,Ed Sheeran,2017,
1303,Let's Go Crazy,Prince,1984,
1304,Since I've Been Loving You,Led Zeppelin,1970,
1305,Love Me Tender,Elvis Presley,1956,
1306,Afscheid Nemen Bestaat Niet,Marco Borsato,2003,
1307,Best Of You,Foo Fighters,2005,
1308,Lovely Day,Bill Withers,1978,
1309,Amsterdam,Flemming,2021,
1310,Farewell To The Fairground,White Lies,2009,
1311,Honky Tonk Women,The Rolling Stones,1969,
1312,Crazy On You,Heart,1976,
1313,Little Green Bag,George Baker Selection,1969,
1314,Like Toy Soldiers,Eminem,2005,
1315,The Eve Of The War (Albumversie),Jeff Wayne & Justin Hayward,1978,
1316,Johnny B. Goode,Chuck Berry,1958,
1317,Resistance (Albumversie),Muse,2009,
1318,Can't Stop The Feeling!,Justin Timberlake,2016,
1319,Roadhouse Blues,The Doors,1970,
1320,All The Small Things,Blink-182,2000,
1321,Dear Mama,2Pac,1998,
1322,Too Much Love Will Kill You,Brian May,1992,
1323,Kwijt,Suzan & Freek,2022,
1324,Simple Man,Lynyrd Skynyrd,1973,
1325,Jumpin' Jack Flash,The Rolling Stones,1968,
1326,Free Fallin',Tom Petty,1989,
1327,Broken Wings,Mr. Mister,1986,
1328,I Wish It Would Rain Down,Phil Collins,1990,
1329,L.A. Song (Albumversie),Beth Hart,1999,
1330,So Far Away (Albumversie),Dire Straits,1985,
1331,Golden Years,David Bowie,1976,
1332,All I Want,Kodaline,2012,
1333,Scenes From An Italian Restaurant,Billy Joel,1977,
1334,Rockin' All Over The World,Status Quo,1977,
1335,Memory,Barbra Streisand,1982,
1336,Nur Geträumt,Nena,1983,
1337,Bicycle Race,Queen,1978,
1338,Lessons In Love,Level 42,1986,
1339,Glycerine,Bush,1994,
1340,Ruby Tuesday,The Rolling Stones,1967,
1341,Make It Wit Chu,Queens Of The Stone Age,2008,
1342,Lady Writer,Dire Straits,1979,
1343,(You're) The Devil In Disguise,Elvis Presley,1963,
1344,Use Somebody,Kings Of Leon,2008,
1345,All You Need Is Love,The Beatles,1967,
1346,Peter Gunn Theme,"Emerson, Lake & Palmer",1980,
1347,Save A Prayer,Duran Duran,1982,
1348,Just Say Yes,Snow Patrol,2009,
1349,Ik Bun Moar Een Eenvoudige Boerenlul,Normaal,1978,
1350,Hall Of Fame,The Script ft. Will.I.Am,2012,
1351,De Bestemming,Marco Borsato,1998,
1352,Alles Is Liefde,BLØF,2007,
1353,Live To Tell,Madonna,1986,
1354,Unchain My Heart,Joe Cocker,1987,
1355,We Come 1,Faithless,2001,
1356,You Say,Lauren Daigle,2019,
1357,Whisky In The Jar,Thin Lizzy,1973,
1358,Beautiful People,Melanie,1969,
1359,Changes,David Bowie,1971,
1360,Cry Baby,Janis Joplin,1971,
1361,Take Five,Dave Brubeck Quartet,1962,
1362,Babooshka,Kate Bush,1980,
1363,When The Party's Over,Billie Eilish,2018,
1364,Unwritten,Natasha Bedingfield,2004,
1365,Black Velvet (Albumversie),Alannah Myles,1990,
1366,Anne,Herman van Veen,1986,
1367,De Weg,Guus Meeuwis,2005,
1368,Thank God It's Christmas,Queen,1984,
1369,Starboy,The Weeknd ft. Daft Punk,2016,
1370,The Promise You Made,Cock Robin,1986,
1371,Daughter,Pearl Jam,1993,
1372,Nu Wij Niet Meer Praten,Pommelien Thijs & Jaap Reesema,2020,
1373,You Can't Hurry Love,Phil Collins,1982,
1374,In Bloom,Nirvana,1991,
1375,Sledgehammer,Peter Gabriel,1986,
1376,Tom Traubert's Blues (Waltzing Mathilda),Tom Waits,1976,
1377,Cover Me In Sunshine,P!nk ft. Willow Sage Heart,2021,
1378,One More Time,Daft Punk,2000,
1379,I Don't Live Here Anymore,The War On Drugs,2021,
1380,Kiss,Prince & The Revolution,1986,
1381,Sandstorm,Darude,2000,
1382,The Times They Are A-Changin',Bob Dylan,1964,
1383,This Is Not America,David Bowie & Pat Metheny Group,1985,
1384,Don't Leave Me This Way,Communards & Sarah Jane Morris,1986,
1385,Do They Know It's Christmas,Band Aid,1984,
1386,The Wild Rover (Live),The Dubliners,1964,
1387,Hard To Say Goodbye,Rondé,2021,
1388,Hello,Lionel Richie,1984,
1389,Seven Wonders,Fleetwood Mac,1987,
1390,Bagagedrager,Spinvis,2002,
1391,Theme From 'Harry's Game',Clannad,1983,
1392,Don't You Want Me,The Human League,1982,
1393,School's Out,Alice Cooper,1972,
1394,La Solitudine,Laura Pausini,1993,
1395,Good Old-Fashioned Lover Boy,Queen,1976,
1396,My Name Is,Eminem,1999,
1397,Take This Waltz,Leonard Cohen,1988,
1398,Drive,R.E.M.,1992,
1399,Walking In Memphis,Marc Cohn,1991,
1400,For Bitter Or Worse,Anouk,2009,
1401,If You Don't Know Me By Now,Simply Red,1989,
1402,Cleanin' Out My Closet,Eminem,2002,
1403,Tie Your Mother Down,Queen,1977,
1404,My Heart Will Go On,Céline Dion,1998,
1405,Niet Voor Het Laatst,Rob de Nijs,2017,
1406,De Waarheid,Marco Borsato,1996,
1407,We Didn't Start The Fire,Billy Joel,1989,
1408,Shivers,Ed Sheeran,2021,
1409,Poker Face,Lady Gaga,2009,
1410,It's A Sin,Pet Shop Boys,1987,
1411,Heaven Can Wait,Meat Loaf,1979,
1412,Vriendschap,Het Goede Doel,1983,
1413,If You Could See Me Now,The Script,2013,
1414,Bend And Break,Keane,2005,
1415,Lucy In The Sky With Diamonds,The Beatles,1967,
1416,Epic,Faith No More,1990,
1417,The First Time Ever I Saw Your Face,Roberta Flack,1972,
1418,Friends Will Be Friends,Queen,1986,
1419,Casser La Voix (Live),Patrick Bruel,1992,
1420,Speed Of Sound,Coldplay,2005,
1421,Hijo De La Luna,Mecano,1990,
1422,The Dolphin's Cry,Live,1999,
1423,Biko,Peter Gabriel,1980,
1424,Appleknockers Flophouse,Cuby & the Blizzards,1969,
1425,Killing Me Softly,Fugees,1996,
1426,King Kunta,Kendrick Lamar,2015,
1427,Dromen In Kleur,Suzan & Freek,2021,
1428,Ik Leef Mijn Eigen Leven,André Hazes,1994,
1429,Dodenrit,Drs. P,1974,
1430,Walking On The Moon,The Police,1979,
1431,N'Oubliez Jamais,Joe Cocker,1997,
1432,Moth To A Flame,Swedish House Mafia ft. The Weeknd,2021,
1433,Sowing The Seeds Of Love,Tears For Fears,1989,
1434,San Quentin (Live),Johnny Cash,1969,
1435,The Man Who Sold The World,David Bowie,1970,
1436,Home Again,Michael Kiwanuka,2012,
1437,The Way You Make Me Feel,Michael Jackson,1987,
1438,Talk,Coldplay,2005,
1439,I Can't Sleep Without You (Naked),Golden Earring,1992,
1440,Annabel,Hans de Booij,1983,
1441,Alie,Normaal,1977,
1442,I'd Rather Go Blind,Etta James,1967,
1443,At Seventeen,Janis Ian,1975,
1444,Streets Of London,Ralph McTell,1972,
1445,Mull Of Kintyre,Paul McCartney & Wings,1977,
1446,An American Trilogy,Elvis Presley,1972,
1447,Ordinary Love,U2,2013,
1448,You Make Lovin' Fun,Fleetwood Mac,1978,
1449,How Soon Is Now?,The Smiths,1984,
1450,Memory Remains,Metallica,1997,
1451,The Monster,Eminem & Rihanna,2013,
1452,Damn Those Eyes,Kane,1999,
1453,Spread Your Wings,Queen,1978,
1454,Good 4 U,Olivia Rodrigo,2021,
1455,The Name Of The Game (Albumversie),ABBA,1977,
1456,No Surrender,Bruce Springsteen,1984,
1457,The Boys Are Back In Town,Thin Lizzy,1976,
1458,Locked Out Of Heaven,Bruno Mars,2012,
1459,Every Teardrop Is A Waterfall,Coldplay,2011,
1460,Autobahn,Kraftwerk,1975,
1461,Talkin' Bout A Revolution,Tracy Chapman,1988,
1462,Here Without You,3 Doors Down,2004,
1463,Big In Japan,Alphaville,1984,
1464,A Change Is Gonna Come,Sam Cooke,1964,
1465,R U Kiddin' Me,Anouk,1999,
1466,Isn't She Lovely,Stevie Wonder,1976,
1467,Nights On Broadway,Bee Gees,1975,
1468,Crazy,Seal,1991,
1469,Big Love,Fleetwood Mac,1987,
1470,Zaterdag,BLØF,1999,
1471,Het Laatste Rondje,André Hazes,1984,
1472,Breathe,The Prodigy,1996,
1473,The Living Years,Mike & The Mechanics,1989,
1474,I Have Nothing,Whitney Houston,1993,
1475,Weather With You,Crowded House,1991,
1476,Big Log,Robert Plant,1983,
1477,Ik Leef Niet Meer Voor Jou,Marco Borsato,1996,
1478,Arriving Somewhere But Not Here,Porcupine Tree,2005,
1479,Ziggy Stardust,David Bowie,1972,
1480,Hungry Heart,Bruce Springsteen,1980,
1481,Love On Top,Beyoncé,2011,
1482,7 Years,Lukas Graham,2015,
1483,Mercedes Benz,Janis Joplin,1970,
1484,Quiero,Julio Iglesias,1976,
1485,Nine Million Bicycles,Katie Melua,2005,
1486,Max,Paolo Conte,1988,
1487,Green Green Grass Of Home,Tom Jones,1966,
1488,Your Love,Outfield,1986,
1489,Home By The Sea,Genesis,1983,
1490,My Sweet Lord,George Harrison,1970,
1491,Going Home: Theme Of The Local Hero,Mark Knopfler,1983,
1492,Pride And Joy,Stevie Ray Vaughan,1983,
1493,Lovesong,The Cure,1989,
1494,Enola Gay,Orchestral Manoeuvres In The Dark,1980,
1495,Zij,Marco Borsato,2002,
1496,Counting Stars,OneRepublic,2013,
1497,Astronomy,Conan Gray,2022,
1498,Don't Bring Me Down,Electric Light Orchestra,1979,
1499,Mia,Gorki,1992,
1500,Live And Let Die,Guns N' Roses,1991,
1501,How To Save A Life,The Fray,2007,
1502,Voltooid Verleden Tijd,Is Ook Schitterend,1997,
1503,Don't Stop 'Til You Get Enough (Albumversie),Michael Jackson,1979,
1504,One More Try,George Michael,1988,
1505,By The Way,Red Hot Chili Peppers,2002,
1506,She's The One,Robbie Williams,1999,
1507,Human Nature,Michael Jackson,1983,
1508,Uncertain Smile,The The,1984,
1509,'t Dondert En 't Bliksemt,Guus Meeuwis,1998,
1510,Can You Feel The Love Tonight,Elton John,1994,
1511,Everytime I Think Of You,The Babys,1979,
1512,Skandal Im Sperrbezirk,Spider Murphy Gang,1982,
1513,Shiny Happy People,R.E.M.,1991,
1514,Paracetamollen,Flemming,2022,
1515,Burning Heart,Vandenberg,1983,
1516,I Started A Joke,Bee Gees,1969,
1517,Magnificent (She Says),Elbow,2016,
1518,"He Ain't Heavy, He's My Brother",The Hollies,1969,
1519,Cecilia,Simon & Garfunkel,1970,
1520,'n Vriend,André Hazes,1980,
1521,Adagio For Strings,Tiësto,2006,
1522,To Love Somebody,Bee Gees,1967,
1523,Heart Of Glass,Blondie,1979,
1524,Stir It Up (Live),Bob Marley & The Wailers,1979,
1525,Une Belle Histoire/Een Mooi Verhaal,Alderliefste & Paul de Leeuw,2006,
1526,Eloise,Barry Ryan,1968,
1527,Come Undone,Robbie Williams,2003,
1528,Sweet Disposition,The Temper Trap,2010,
1529,Red Right Hand,Nick Cave & The Bad Seeds,1994,
1530,The One I Love,R.E.M.,1987,
1531,Aanzoek Zonder Ringen,BLØF,2006,
1532,Water Under The Bridge,Adele,2016,
1533,Forget Me,Lewis Capaldi,2022,
1534,Kalverliefde,Robert Long,1974,
1535,Mad World,Michael Andrews ft. Gary Jules,2003,
1536,Rooster,Alice In Chains,1992,
1537,I Wish,Stevie Wonder,1977,
1538,I'm Not So Tough,Ilse DeLange,1998,
1539,Memories,Earth & Fire,1972,
1540,Are You Gonna Go My Way?,Lenny Kravitz,1993,
1541,Angry,The Rolling Stones,2023,
1542,Edge Of Seventeen,Stevie Nicks,1982,
1543,Dans M'n Ogen Dicht,Meau ft. Racoon,2022,
1544,Dazed And Confused,Led Zeppelin,1969,
1545,Never Going Back Again,Fleetwood Mac,1977,
1546,Tell Him,Céline Dion & Barbra Streisand,1997,
1547,Ik Meen 't,André Hazes,1985,
1548,Adem Je In,S10,2021,
1549,Rapper's Delight,Sugarhill Gang,1979,
1550,Feeling Good,Michael Bublé,2005,
1551,Knockin' On Heaven's Door,Bob Dylan,1973,
1552,Mirrors,Justin Timberlake,2013,
1553,Rasputin,Boney M.,1978,
1554,Weekend Love,Golden Earring,1979,
1555,You Have Been Loved,George Michael,1997,
1556,All My Life,Foo Fighters,2002,
1557,The Way It Is,Bruce Hornsby & The Range,1986,
1558,Stars,Simply Red,1991,
1559,No Surrender,Kane,2009,
1560,You Don't Fool Me,Queen,1996,
1561,No Good (Start The Dance),The Prodigy,1994,
1562,Human Touch,Bruce Springsteen,1992,
1563,Songbird,Eva Cassidy,1997,
1564,Hier Komt De Storm,Frank Boeijen Groep,1988,
1565,Greatest Love Of All,Whitney Houston,1986,
1566,Maggie May,Rod Stewart,1971,
1567,Crazy In Love,Beyoncé & Jay-Z,2003,
1568,Ben Ik Te Min,Armand,1967,
1569,Right Next Door (Because Of Me),Robert Cray Band,1987,
1570,Mary Jane's Last Dance,Tom Petty & The Heartbreakers,1993,
1571,In Your Eyes (Albumversie),Peter Gabriel,1986,
1572,Het Is Koud Zonder Jou,André Hazes,1980,
1573,Reünie,Snelle,2019,
1574,Born To Be Alive,Patrick Hernandez,1979,
1575,7 Seconds,Youssou N'Dour & Neneh Cherry,1994,
1576,Enemy,Imagine Dragons,2021,
1577,Fireflies,Owl City,2009,
1578,Oxygene IV,Jean Michel Jarre,1977,
1579,All Star,Smash Mouth,1999,
1580,Honderd Keer,Suzan & Freek,2022,
1581,Down On The Corner,Creedence Clearwater Revival,1969,
1582,You Can Leave Your Hat On,Joe Cocker,1986,
1583,In My Place,Coldplay,2002,
1584,The Air That I Breathe,The Hollies,1974,
1585,In Dreams,Roy Orbison,1963,
1586,Sure Know Something,KISS,1979,
1587,Sexual Healing,Marvin Gaye,1982,
1588,Stuck In The Middle With You,Stealers Wheel,1973,
1589,New York State Of Mind,Billy Joel,1976,
1590,Jerusalem,Anouk,2005,
1591,Weg Van Jou,Suzan & Freek,2020,
1592,Bloodbuzz Ohio,The National,2010,
1593,Charlie Brown,Coldplay,2011,
1594,Nescio,Nits,1983,
1595,De Langste Nacht,Goldband,2021,
1596,One Moment In Time,Whitney Houston,1988,
1597,I Am The Walrus,The Beatles,1967,
1598,Lose Control,Teddy Swims,2023,
1599,Born On The Bayou,Creedence Clearwater Revival,1972,
1600,Make Me Smile (Come Up And See Me),Steve Harley & Cockney Rebel,1975,
1601,Uit M'n Bol,André Hazes,1993,
1602,Remedy,The Black Crowes,1992,
1603,A Thing Called Love,Johnny Cash,1972,
1604,The Saints Are Coming,U2 & Green Day,2006,
1605,Relight My Fire,Dan Hartman,1980,
1606,Bad Liar,Imagine Dragons,2018,
1607,Vogue,Madonna,1990,
1608,Learning To Fly,Tom Petty & The Heartbreakers,1991,
1609,The Devil's Son,Danny Vera,2013,
1610,Snap Out Of It,Arctic Monkeys,2013,
1611,Bullet With Butterfly Wings,Smashing Pumpkins,1995,
1612,On Top Of The World,Imagine Dragons,2013,
1613,IJskoud,Nielson,2018,
1614,When I'm Sixty-Four,The Beatles,1967,
1615,Summer Night City,ABBA,1978,
1616,Purple Haze,Jimi Hendrix,1967,
1617,Hey Ya!,OutKast,2004,
1618,Home,Dotan,2014,
1619,Sunrise,Norah Jones,2004,
1620,Onderweg Naar Later,Suzan & Freek,2021,
1621,Is This Love,Bob Marley & The Wailers,1979,
1622,Common People,Pulp,1995,
1623,Sir Duke,Stevie Wonder,1977,
1624,More Than Words,Extreme,1991,
1625,Sorry Seems To Be The Hardest Word,Elton John,1976,
1626,La Vie Est Belle,Diggy Dex & Vali,2018,
1627,One Way Or Another (Teenage Kicks),One Direction,2013,
1628,Don't Shut Me Down,ABBA,2021,
1629,Desert Rose,Sting & Cheb Mami,2000,
1630,Close To The Edge (Albumversie),Yes,1972,
1631,(I Just Died) In Your Arms Tonight,Cutting Crew,1986,
1632,Diane,Therapy?,1995,
1633,Three Days In A Row,Anouk,2009,
1634,I Heard It Through The Grapevine,Marvin Gaye,1969,
1635,Home Of The Brave,Toto,1988,
1636,Jump Around,House Of Pain,1992,
1637,You've Got A Friend,James Taylor,1971,
1638,De Soldaat,Nick & Simon,2006,
1639,Head Over Heels,Tears For Fears,1985,
1640,Laat Me Los,S10 & BLØF,2022,
1641,Just The Two Of Us,"Bill Withers & Grover Washington, Jr.",1981,
1642,As Tears Go By,The Rolling Stones,1966,
1643,"Theme From New York, New York",Frank Sinatra,1980,
1644,In These Arms,Bon Jovi,1993,
1645,Times Were When,The Cats,1968,
1646,Shut Your Eyes,Snow Patrol,2007,
1647,Bad,Michael Jackson,1987,
1648,Grenade,Bruno Mars,2010,
1649,Because The Night,Patti Smith Group,1978,
1650,Kids,MGMT,2007,
1651,Ventura Highway,America,1972,
1652,Love On The Rocks,Neil Diamond,1980,
1653,West End Girls (Albumversie),Pet Shop Boys,1986,
1654,La Isla Bonita,Madonna,1987,
1655,Nightporter (Albumversie),Japan,1980,
1656,For Crying Out Loud (Albumversie),Meat Loaf,1978,
1657,San Francisco (Be Sure To Wear Flowers In Your Hair),Scott McKenzie,1967,
1658,Dreams,Cranberries,1993,
1659,Gypsy,Fleetwood Mac,1982,
1660,Le Freak,Chic,1978,
1661,Fight For Your Right (To Party),Beastie Boys,1986,
1662,Love Is All,Roger Glover & Guests,1975,
1663,Thank God I'm A Country Boy,John Denver,1975,
1664,Racing In The Street,Bruce Springsteen,1975,
1665,Lost On You,LP,2016,
1666,Josephine,Chris Rea,1985,
1667,Fire,Floor Jansen,2022,
1668,Vluchten Kan Niet Meer,Jenny Arean & Frans Halsema,1977,
1669,Love Is A Losing Game,Amy Winehouse,2007,
1670,Yellow Submarine,The Beatles,1966,
1671,Bones,Imagine Dragons,2022,
1672,Overpass Graffiti,Ed Sheeran,2021,
1673,Lady Jane,The Rolling Stones,1966,
1674,Open Your Eyes,Guano Apes,1997,
1675,Spicks And Specks,Bee Gees,1967,
1676,Hide In Your Shell,Supertramp,1974,
1677,Flappie,Youp van 't Hek,1981,
1678,Virtual Insanity,Jamiroquai,1996,
1679,Sammy,Ramses Shaffy,1966,
1680,Keep Your Head Up,Ben Howard,2011,
1681,Always On My Mind,Willie Nelson,1984,
1682,Everybody (Backstreet's Back),Backstreet Boys,1997,
1683,Love Me Just A Little Bit More (Totally Hooked On You),Dolly Dots,1983,
1684,Nathalie,Gilbert Bécaud,1964,
1685,Dear Mr. President,P!nk,2006,
1686,Beautiful Goodbye,Amanda Marshall,1996,
1687,Silence (Tiësto Mix),Delerium ft. Sarah McLachlan,1997,
1688,Rumour Has It,Adele,2011,
1689,Addicted To You,Avicii,2014,
1690,Mijn Vlakke Land,Jacques Brel,1965,
1691,Living In Another World,Talk Talk,1986,
1692,You Could Be Mine,Guns N' Roses,1991,
1693,I Feel It Coming,The Weeknd ft. Daft Punk,2016,
1694,Don't Answer Me,The Alan Parsons Project,1984,
1695,I Won't Let You Down,Ph.D.,1981,
1696,I Do,Douwe Bob & Jacqueline Govaert,2018,
1697,Shoes Of Lightning,Racoon,2013,
1698,Forever Autumn,Jeff Wayne & Justin Hayward,1978,
1699,Roundabout (Albumversie),Yes,1972,
1700,Livin' Thing,Electric Light Orchestra,1976,
1701,Summertime,Brainbox,1969,
1702,Cold As Ice,Foreigner,1977,
1703,Something In The Way,Nirvana,1991,
1704,Vlieg Met Me Mee (Live),Paul de Leeuw,1992,
1705,90s Kid,DI-RECT,2022,
1706,Kijk Omhoog,Nick & Simon,2007,
1707,Live Forever,Oasis,1994,
1708,Shut Up And Dance,Walk The Moon,2014,
1709,Pretty Fly (For A White Guy),Offspring,1999,
1710,Return To Sender,Elvis Presley,1962,
1711,Als Je Wint,Herman Brood & Henny Vrienten,1984,
1712,Cocaine,Eric Clapton,1978,
1713,Gold On The Ceiling,The Black Keys,2011,
1714,You Win Again,Bee Gees,1987,
1715,Wêr Bisto,Twarres,2000,
1716,Time After Time,Cyndi Lauper,1984,
1717,Lookin' Out My Back Door,Creedence Clearwater Revival,1970,
1718,With Arms Wide Open,Creed,2000,
1719,What Was I Made For?,Billie Eilish,2023,
1720,Food For Thought,UB40,1983,
1721,Ain't No Mountain High Enough,Marvin Gaye & Tammi Terrell,1967,
1722,Walk This Way,Run DMC & Aerosmith,1986,
1723,Hypnotize,Notorious B.I.G.,1997,
1724,An End Has A Start,Editors,2007,
1725,It's Raining Men,Weather Girls,1983,
1726,Rivers Of Babylon,Boney M.,1978,
1727,Diamonds,Rihanna,2012,
1728,Fire And Rain,James Taylor,1970,
1729,Hold Me Now,Golden Earring,1994,
1730,Give Up Your Guns,The Buoys,1972,
1731,Utereg Me Stadje,Herman Berkien,1975,
1732,White Flag,Dido,2003,
1733,Faded,Alan Walker,2016,
1734,It's A Long Way To The Top (If You Wanna Rock 'N Roll),AC/DC,1976,
1735,Jesus Of Suburbia,Green Day,2004,
1736,Bridges,Kensington,2017,
1737,Weekend,Earth & Fire,1979,
1738,All For Nothing,Kensington,2014,
1739,You've Got The Love,Florence + The Machine,2009,
1740,Cold,Chris Stapleton,2020,
1741,Little Talks,Of Monsters And Men,2012,
1742,Save Me,Queen,1980,
1743,World Of Hurt,Ilse DeLange,1998,
1744,Tuesday Afternoon,The Moody Blues,1968,
1745,Grace Kelly,Mika,2007,
1746,It's The End Of The World As We Know It,R.E.M.,1987,
1747,Goodbye My Lover,James Blunt,2005,
1748,This Charming Man,The Smiths,1983,
1749,Kold Bloed,Bökkers,2019,
1750,Sloop John B,The Beach Boys,1966,
1751,Family Portrait,P!nk,2002,
1752,Mad World,Tears For Fears,1983,
1753,Love Myself,Rondé,2022,
1754,Clocks (Rhythms Del Mundo),Coldplay & Buena Vista Social Club,2006,
1755,Won't Get Fooled Again (Albumversie),The Who,1971,
1756,Year Of Summer,Wildstylez ft. Niels Geusebroek,2012,
1757,Moondance,Van Morrison,1970,
1758,Afterglow,Ed Sheeran,2020,
1759,24K Magic,Bruno Mars,2016,
1760,So Incredible,Ilse DeLange,2008,
1761,Blueberry Hill,Fats Domino,1957,
1762,Guitar Man,Elvis Presley,1968,
1763,Love Her Madly,The Doors,1971,
1764,Daniel,Elton John,1973,
1765,Hold Me,Anouk & Douwe Bob,2014,
1766,She's Leaving Home,The Beatles,1967,
1767,Animals,Martin Garrix,2013,
1768,Lost,Frank Ocean,2012,
1769,We All Stand Together,Paul McCartney & Frog Chorus,1985,
1770,Run To The Water,Live,2000,
1771,Maybe Tomorrow,Stereophonics,2003,
1772,Show Me Love,Robin S,1992,
1773,Relax,Frankie Goes To Hollywood,1984,
1774,Red Mij Niet,Maarten van Roozendaal,2001,
1775,Blue Suede Shoes,Elvis Presley,1956,
1776,Father & Friend,Alain Clark,2008,
1777,'T Roeie Klied,Rowwen Hèze,1995,
1778,Stranger In Moscow,Michael Jackson,1996,
1779,(I've Had) The Time Of My Life,Bill Medley & Jennifer Warnes,1987,
1780,Dancing With Tears In My Eyes,Ultravox,1984,
1781,"Oh, Pretty Woman",Roy Orbison,1964,
1782,What A Fool Believes,Doobie Brothers,1978,
1783,The Racing Rats,Editors,2008,
1784,Devil Don't Care,DI-RECT,2019,
1785,Out Of Space,The Prodigy,1993,
1786,In The Army Now,Status Quo,1986,
1787,Mijn Van Straat Geredde Roos,De Dijk,2008,
1788,Why Can't This Be Love,Van Halen,1987,
1789,My Baby Just Cares For Me,Nina Simone,1987,
1790,Een Meisje Van 16,Boudewijn de Groot,1965,
1791,Are You Lonesome Tonight?,Elvis Presley,1961,
1792,Heaven Knows I'm Miserable Now,The Smiths,1984,
1793,Riptide,Vance Joy,2014,
1794,In M'n Bloed,Snelle,2021,
1795,When You Say Nothing At All,Ronan Keating,1999,
1796,How My Heart Was Won,DI-RECT,2023,
1797,Green Eyes,Coldplay,2002,
1798,I Sat By The Ocean,Queens Of The Stone Age,2013,
1799,I've Got Dreams To Remember,Otis Redding,1968,
1800,(Something Inside) So Strong,Labi Siffre,1987,
1801,Twist In My Sobriety,Tanita Tikaram,1988,
1802,I Need My Girl,The National,2013,
1803,Happiness,Jonathan Jeremiah,2011,
1804,All Night Long (All Night),Lionel Richie,1983,
1805,Hart Van Mijn Gevoel,De Kast,1999,
1806,The Road To Mandalay,Robbie Williams,2001,
1807,I'm Going Home,Ten Years After,1971,
1808,25 Or 6 To 4,Chicago,1970,
1809,I'm A Believer,The Monkees,1966,
1810,You Should Be Dancing,Bee Gees,1976,
1811,God Save The Queen,Sex Pistols,1979,
1812,Links Rechts,Snollebollekes,2015,
1813,Stuck In A Moment You Can't Get Out Of,U2,2000,
1814,Water Of Love,Dire Straits,1978,
1815,There Must Be An Angel (Playing With My Heart),Eurythmics,1985,
1816,Rearviewmirror,Pearl Jam,1993,
1817,Waiting For Love,Avicii,2015,
1818,Made In Heaven,Queen,1991,
1819,Somebody To Love,Jefferson Airplane,1967,
1820,More Than This,Roxy Music,1982,
1821,I Can't Make You Love Me,Bonnie Raitt,1991,
1822,Famous Blue Raincoat,Leonard Cohen,1971,
1823,Black Night,Deep Purple,1970,
1824,City Of Blinding Lights,U2,2005,
1825,Uptown Girl,Billy Joel,1983,
1826,Homeless,Paul Simon,1986,
1827,Slow Hands,Niall Horan,2017,
1828,Girls Just Want To Have Fun,Cyndi Lauper,1984,
1829,Mmm Mmm Mmm Mmm,Crash Test Dummies,1993,
1830,Luka,Suzanne Vega,1987,
1831,Laat Het Vanavond Gebeuren,De Dijk,1997,
1832,Long Cool Woman (In A Black Dress),The Hollies,1971,
1833,Blah Blah Blah,Armin van Buuren,2018,
1834,La Vie En Rose,Grace Jones,1977,
1835,Black Dog,Led Zeppelin,1971,
1836,Heaven For Everyone,Queen,1995,
1837,Tumble And Fall,Johan,2001,
1838,Moon Over Bourbon Street,Sting,1985,
1839,The Blower's Daughter,Damien Rice,2005,
1840,Galway Girl,Ed Sheeran,2017,
1841,Into The Mystic,Van Morrison,1970,
1842,Overture (Tommy),The Who,1969,
1843,Detroit Rock City,KISS,1976,
1844,Never Gonna Not Dance Again,P!nk,2022,
1845,Sound Of The Screaming Day,Golden Earrings,1967,
1846,Cruel Summer,Taylor Swift,2023,
1847,Sharks,Imagine Dragons,2022,
1848,Man! I Feel Like A Woman,Shania Twain,1999,
1849,This Is The Moment,Son Mieux,2022,
1850,Nicotine,Chef'Special,2017,
1851,A Little Less Conversation,Elvis Presley vs. Junkie XL,2002,
1852,Europa (Earth's Cry Heaven's Smile),Santana,1976,
1853,Invisible Touch,Genesis,1986,
1854,Panama,Van Halen,1984,
1855,Wij Zullen Doorgaan,Ramses Shaffy,1975,
1856,Gute Nacht Freunde,Reinhard Mey,1974,
1857,Calling Elvis,Dire Straits,1991,
1858,Midnight Rambler,The Rolling Stones,1969,
1859,When I Come Around,Green Day,1995,
1860,Blitzkrieg Bop,Ramones,1976,
1861,Proosten,Guus Meeuwis,2007,
1862,Vertigo,U2,2004,
1863,Everything She Wants,Wham!,1984,
1864,Love Is The Drug,Roxy Music,1976,
1865,Pyro,Kings Of Leon,2010,
1866,Bright Eyes,Rondé,2022,
1867,I Love You Like I Love Myself,Herman Brood & His Wild Romance,1979,
1868,Off The Wall,Michael Jackson,1979,
1869,Geen Kind Meer,Karin Bloemen,1996,
1870,Dakota,Stereophonics,2005,
1871,Will You Be There,Michael Jackson,1993,
1872,Mensch,Herbert Grönemeyer,2003,
1873,Gloria (Live),U2,1983,
1874,Memories,Within Temptation,2004,
1875,I Got You Babe,UB40 & Chrissie Hynde,1985,
1876,Handle With Care,Traveling Wilburys,1988,
1877,The Drugs Don't Work,The Verve,1997,
1878,Morgen Wordt Fantastisch,Acda & De Munnik,2023,
1879,Up Around The Bend,Creedence Clearwater Revival,1970,
1880,Mooi Liedje,Acda & De Munnik,1997,
1881,Apache,Shadows,1960,
1882,Hemel Valt,Typhoon,2015,
1883,1 Nacht Alleen,Doe Maar,1983,
1884,One Love/People Get Ready,Bob Marley & The Wailers,1984,
1885,Don't Stand So Close To Me,The Police,1980,
1886,Promises Of No Man's Land,Blaudzun,2014,
1887,Still Believe,Herman Brood & His Wild Romance,1978,
1888,Don't Let Me Down,The Beatles,1969,
1889,The Cross,Prince,1987,
1890,Summertime,Ella Fitzgerald & Louis Armstrong,1958,
1891,I'll Be Over You,Toto,1986,
1892,Here Comes The Rain Again,Eurythmics,1983,
1893,It's Raining Again,Supertramp,1982,
1894,"Tonight, Tonight",Smashing Pumpkins,1995,
1895,Dynamite,Mud,1974,
1896,Hold On Tight,Solomon Burke & De Dijk,2010,
1897,Just The Way You Are,Bruno Mars,2010,
1898,Later Als Ik Groter Ben,BLØF,2012,
1899,Fly Like An Eagle,Steve Miller Band,1976,
1900,Two Tribes,Frankie Goes To Hollywood,1984,
1901,Domino,Clouseau,1990,
1902,Royals,Lorde,2013,
1903,Blackstar,David Bowie,2015,
1904,Merry Christmas,Ed Sheeran & Elton John,2021,
1905,Ik Heb Je Lief,Stef Bos,1992,
1906,Budapest,George Ezra,2014,
1907,Ms. Jackson,OutKast,2001,
1908,The Devil Made Me Do It,Golden Earring,1982,
1909,Wonderful Life,Black,1987,
1910,Live And Let Die,Paul McCartney & Wings,1973,
1911,Sing For Absolution,Muse,2003,
1912,Show Me The Way (Albumversie Live),Peter Frampton,1976,
1913,The Life I Live,Q65,1966,
1914,Don't You Worry Child,Swedish House Mafia ft. John Martin,2012,
1915,(They Long To Be) Close To You,Carpenters,1970,
1916,Love Really Hurts Without You,Billy Ocean,1976,
1917,Feeling Good,Muse,2001,
1918,"Lover, You Should've Come Over",Jeff Buckley,1994,
1919,Fire,The Pointer Sisters,1979,
1920,Met Hart En Ziel,Tröckener Kecks,1990,
1921,"See Me, Feel Me",The Who,1970,
1922,Blue Hotel,Chris Isaak,1987,
1923,Out In The Fields,Gary Moore & Phil Lynott,1985,
1924,Under My Thumb,The Rolling Stones,1966,
1925,The Weight,Danny Vera,2020,
1926,Prikkebeen,Boudewijn de Groot,1968,
1927,Long Train Runnin',Doobie Brothers,1973,
1928,Als De Zon Schijnt,André van Duin,1983,
1929,Meer Dan Een Ander,Van Dik Hout,1994,
1930,Waiting On The World To Change,John Mayer,2006,
1931,Love Shack,The B-52's,1989,
1932,Fame,David Bowie,1975,
1933,Brilliant Disguise,Bruce Springsteen,1987,
1934,Politik,Coldplay,2002,
1935,The Thrill Is Gone,B.B. King,1969,
1936,Breakeven,The Script,2009,
1937,Je Loog Tegen Mij,Drukwerk,1981,
1938,Tijd Genoeg,Doe Maar,1982,
1939,Mannish Boy,Muddy Waters,1988,
1940,Hopeless Wanderer,Mumford & Sons,2013,
1941,Green Green Grass,George Ezra,2022,
1942,Waves,Mr. Probz,2013,
1943,Don't Look Back,Boston,1978,
1944,Winter In Hamburg,Frank Boeijen Groep,1987,
1945,Fairground,Simply Red,1995,
1946,Is This Love,Whitesnake,1987,
1947,Eyes Without A Face,Billy Idol,1984,
1948,Teenage Dirtbag,Wheatus,2001,
1949,One Vision (Albumversie),Queen,1986,
1950,Celestial,Ed Sheeran,2022,
1951,Need You Tonight,INXS,1987,
1952,Woman From Tokyo,Deep Purple,1973,
1953,Take Me Home,Phil Collins,1985,
1954,Call Me The Breeze,J.J. Cale,1972,
1955,After Midnight,J.J. Cale,1972,
1956,Take It To The Limit,Eagles,1975,
1957,That Was Yesterday,Foreigner,1985,
1958,Heavy Cross,Gossip,2009,
1959,Waterloo Sunset,The Kinks,1967,
1960,Home Again,Kensington,2012,
1961,I've Just Lost Somebody,Golden Earrings,1968,
1962,Kissing A Fool,George Michael,1988,
1963,Fiesta,The Pogues,1988,
1964,Skinny Love,Birdy,2011,
1965,Thank U,Alanis Morissette,1998,
1966,Isn't It Time?,The Babys,1977,
1967,Pumped Up Kicks,Foster The People,2011,
1968,Hard To Handle,The Black Crowes,1990,
1969,The Way We Were,Barbra Streisand,1973,
1970,Polly,Nirvana,1991,
1971,Hey There Delilah,Plain White T's,2007,
1972,Unbeschreiblich Weiblich,Nina Hagen,1979,
1973,Smoorverliefd,Snelle,2020,
1974,We Belong To The Night,Ellen Foley,1979,
1975,Teardrops,Womack & Womack,1988,
1976,No Son Of Mine,Genesis,1991,
1977,Up Where We Belong,Joe Cocker & Jennifer Warnes,1982,
1978,Beast Of Burden,The Rolling Stones,1978,
1979,Missen Zou,"Thomas Acda, Kraantje Pappie & Rolf Sanchez",2022,
1980,This Is My Life,Shirley Bassey,1979,
1981,Gold,Prince,1995,
1982,Cocaine,J.J. Cale,1976,
1983,Late In The Evening,Paul Simon,1980,
1984,Met De Vlam In De Pijp,Henk Wijngaard,1978,
1985,Into Temptation,Crowded House,1989,
1986,Accidentally In Love,Counting Crows,2004,
1987,Sausolito Summernight,Diesel,1980,
1988,I Don't Want To Talk About It,Rod Stewart,1977,
1989,Secret Garden,Bruce Springsteen,1995,
1990,Single Ladies (Put A Ring On It),Beyoncé,2008,
1991,Lover Of The Light,Mumford & Sons,2012,
1992,Do It Again,Steely Dan,1972,
1993,Rosalyn,Vitesse,1982,
1994,Wat Wil Je Van Mij,Metejoor & Hannah Mae,2022,
1995,Woman,Wolfmother,2005,
1996,Master Blaster (Jammin'),Stevie Wonder,1980,
1997,Harvest,Neil Young,1972,
1998,High And Dry,Radiohead,1995,
1999,A Night Like This,Caro Emerald,2009,
2000,New York Minute,Don Henley,1989,